timestamp,temp_C,feelslike_C,humidity,pressure,windspeedKmph,winddir16Point,uvIndex,cloudcover,precipMM,weatherDesc
2026-09-06 17:49:34,30,35,68,1004,6,NNE,1,73,1.8,Patchy rain nearby
2026-09-06 12:23:56,30,35,68,1004,6,NNE,1,73,1.8,Patchy rain nearby
2026-09-06 15:08:00,29,35,83,1005,6,ENE,0,76,0.6,Patchy rain nearby
2026-09-06 17:41:08,25,29,95,1007,11,N,0,100,1.6,Light rain shower
2026-09-06 19:30:06,24,27,97,1005,14,N,0,100,0.1,Patchy rain nearby
2026-09-06 21:42:03,24,27,97,1005,14,N,0,100,0.1,Patchy rain nearby
2026-09-06 23:09:40,24,26,98,1005,14,NE,0,100,4.6,Moderate or heavy rain shower
2026-09-07 01:17:53,24,27,98,1006,9,ENE,0,100,3.5,Moderate or heavy rain shower
2026-09-07 06:37:16,28,31,82,1007,18,N,8,100,2.2,Light rain shower
2026-09-07 13:00:19,28,32,80,1003,9,N,1,100,0.5,Light rain shower
2026-09-07 18:23:08,26,29,81,1005,6,NE,0,100,0.0,Overcast 
2026-09-07 21:46:02,25,29,87,1005,6,N,0,89,0.3,Light rain shower
2026-09-08 00:39:45,24,29,90,1005,5,WNW,0,90,0.0,Overcast 
2026-09-08 05:13:41,28,32,73,1007,10,NNW,6,45,0.0,Partly Cloudy 
2026-09-08 10:04:50,32,37,60,1003,10,NW,5,13,0.0,Smoky haze
2026-09-08 14:46:04,30,36,74,1003,4,NNE,0,16,0.0,Smoky haze
2026-09-08 18:57:39,27,30,82,1004,4,E,0,14,0.0,Smoky haze
2026-09-08 22:01:06,26,29,86,1005,9,WNW,0,0,0.0,Smoky haze
2026-09-09 00:36:27,26,29,86,1006,7,NW,0,0,0.0,Smoky haze
2026-09-09 05:15:11,29,32,69,1007,9,NW,4,0,0.0,Smoky haze
2026-09-09 10:05:57,34,39,53,1003,12,NW,5,0,0.0,Smoky haze
2026-09-09 14:47:53,31,38,73,1003,7,NW,0,0,0.0,Smoky haze
2026-09-09 18:50:31,28,33,79,1005,4,SSW,0,0,0.0,Smoky haze
2026-09-09 21:56:35,28,31,81,1004,4,NE,0,0,0.0,Haze
2026-09-10 00:34:51,27,30,85,1005,6,E,0,0,0.0,Smoky haze
2026-09-10 05:15:22,29,33,71,1008,7,NE,4,3,0.0,Smoky haze
2026-09-10 10:01:44,33,38,56,1003,5,E,5,100,0.0,Overcast 
2026-09-10 14:38:08,31,38,72,1004,9,E,0,100,0.0,Overcast 
2026-09-10 17:51:55,29,34,78,1006,10,E,0,100,0.0,Overcast 
2026-09-10 21:11:17,28,32,85,1006,10,E,0,96,0.0,Smoky haze
2026-09-10 23:23:18,27,31,87,1006,8,ENE,0,100,0.0,Smoky haze
2026-09-11 01:27:37,27,31,88,1007,8,E,0,100,0.0,Patchy rain nearby
2026-09-11 05:24:53,30,35,70,1009,16,ESE,2,100,0.0,Overcast 
2026-09-11 05:30:58,30,35,70,1009,16,ESE,2,100,0.0,Overcast 
2026-09-11 05:45:44,30,35,70,1009,16,ESE,2,100,0.0,Overcast 
2026-09-11 06:01:47,30,35,70,1009,16,ESE,2,100,0.0,Overcast 
2026-09-11 06:15:42,31,36,67,1009,15,E,4,100,0.1,Patchy rain nearby
2026-09-11 06:30:58,31,36,67,1009,15,E,4,100,0.1,Patchy rain nearby
2026-09-11 06:37:16,31,36,67,1009,15,E,4,100,0.1,Patchy rain nearby
2026-09-11 06:45:48,31,36,67,1009,15,E,4,100,0.1,Patchy rain nearby
2026-09-11 07:01:11,31,36,67,1009,15,E,4,100,0.1,Patchy rain nearby
2026-09-11 07:15:44,31,36,67,1009,15,E,4,100,0.1,Patchy rain nearby
2026-09-11 07:31:00,31,36,67,1009,15,E,4,100,0.1,Patchy rain nearby
2026-09-11 07:45:41,31,37,68,1007,18,ENE,3,100,0.4,Light rain shower
2026-09-11 08:01:09,31,37,68,1007,18,ENE,3,100,0.4,Light rain shower
2026-09-11 08:15:42,31,37,68,1007,18,ENE,3,100,0.4,Light rain shower
2026-09-11 08:30:59,31,37,68,1007,18,ENE,3,100,0.4,Light rain shower
2026-09-11 08:45:43,31,37,68,1007,18,ENE,3,100,0.4,Light rain shower
2026-09-11 09:01:13,31,37,68,1007,18,ENE,3,100,0.4,Light rain shower
2026-09-11 09:15:43,31,38,68,1005,10,ESE,3,100,0.0,Thundery outbreaks in nearby
2026-09-11 09:31:00,31,38,68,1005,10,ESE,3,100,0.0,Thundery outbreaks in nearby
2026-09-11 09:45:53,31,38,68,1005,10,ESE,3,100,0.0,Thundery outbreaks in nearby
2026-09-11 10:01:09,31,38,68,1005,10,ESE,3,100,0.0,Thundery outbreaks in nearby
2026-09-11 10:15:42,31,38,68,1005,10,ESE,3,100,0.0,Thundery outbreaks in nearby
2026-09-11 10:30:59,31,38,68,1005,10,ESE,3,100,0.0,Thundery outbreaks in nearby
2026-09-11 10:45:44,30,38,78,1005,9,E,1,100,0.7,Light rain shower
2026-09-11 11:01:08,30,38,78,1005,9,E,1,100,0.7,Light rain shower
2026-09-11 11:15:45,30,38,78,1005,9,E,1,100,0.7,Light rain shower
2026-09-11 11:30:59,30,38,78,1005,9,E,1,100,0.7,Light rain shower
2026-09-11 11:45:40,30,38,78,1005,9,E,1,100,0.7,Light rain shower
2026-09-11 11:48:03,30,38,78,1005,9,E,1,100,0.7,Light rain shower
2026-09-11 12:01:13,30,38,78,1005,9,E,1,100,0.7,Light rain shower
2026-09-11 12:15:43,29,36,79,1005,6,ENE,0,100,1.2,Light rain shower
2026-09-11 12:31:02,29,36,79,1005,6,ENE,0,100,1.2,Light rain shower
2026-09-11 12:45:41,29,36,79,1005,6,ENE,0,100,1.2,Light rain shower
2026-09-11 13:01:12,29,36,79,1005,6,ENE,0,100,1.2,Light rain shower
2026-09-11 13:15:43,29,36,79,1005,6,ENE,0,100,1.2,Light rain shower
2026-09-11 13:31:05,29,36,79,1005,6,ENE,0,100,1.2,Light rain shower
2026-09-11 13:45:43,29,34,80,1006,7,ENE,0,95,0.8,Light rain shower
2026-09-11 14:01:13,29,34,80,1006,7,ENE,0,95,0.8,Light rain shower
2026-09-11 14:15:42,29,34,80,1006,7,ENE,0,95,0.8,Light rain shower
2026-09-11 14:31:00,29,34,80,1006,7,ENE,0,95,0.8,Light rain shower
2026-09-11 14:45:45,29,34,80,1006,7,ENE,0,95,0.8,Light rain shower
2026-09-11 15:01:17,29,34,80,1006,7,ENE,0,95,0.8,Light rain shower
2026-09-11 15:15:47,27,32,87,1008,10,E,0,100,0.2,Light rain shower
2026-09-11 15:31:03,27,32,87,1008,10,E,0,100,0.2,Light rain shower
2026-09-11 15:45:41,27,32,87,1008,10,E,0,100,0.2,Light rain shower
2026-09-11 16:01:16,27,32,87,1008,10,E,0,100,0.2,Light rain shower
2026-09-11 16:15:42,27,32,87,1008,10,E,0,100,0.2,Light rain shower
2026-09-11 16:31:01,27,32,87,1008,10,E,0,100,0.2,Light rain shower
2026-09-11 16:45:10,27,32,87,1008,10,E,0,100,0.2,Light rain shower
2026-09-11 16:45:43,27,32,87,1008,10,E,0,100,0.2,Light rain shower
2026-09-11 17:01:11,27,30,90,1008,10,E,0,78,0.7,Light rain shower
2026-09-11 17:15:43,27,30,90,1008,10,E,0,78,0.7,Light rain shower
2026-09-11 17:31:00,27,30,90,1008,10,E,0,78,0.7,Light rain shower
2026-09-11 17:45:45,27,30,90,1008,10,E,0,78,0.7,Light rain shower
2026-09-11 18:01:13,27,30,90,1008,10,E,0,78,0.7,Light rain shower
2026-09-11 18:15:43,27,30,90,1008,10,E,0,78,0.7,Light rain shower
2026-09-11 18:31:00,27,30,90,1008,10,E,0,50,0.0,Partly Cloudy 
2026-09-11 18:45:46,27,30,90,1008,10,E,0,50,0.0,Partly Cloudy 
2026-09-11 19:01:11,27,30,90,1008,10,E,0,50,0.0,Partly Cloudy 
2026-09-11 19:15:42,27,30,90,1008,10,E,0,50,0.0,Partly Cloudy 
2026-09-11 19:18:05,27,30,90,1008,10,E,0,50,0.0,Partly Cloudy 
2026-09-11 19:31:00,27,30,90,1008,10,E,0,50,0.0,Partly Cloudy 
2026-09-11 19:45:44,27,30,90,1008,10,E,0,50,0.0,Partly Cloudy 
2026-09-11 20:01:08,26,30,90,1008,12,E,0,66,0.0,Cloudy 
2026-09-11 20:15:42,26,30,90,1008,12,E,0,66,0.0,Cloudy 
2026-09-11 20:30:58,26,30,90,1008,12,E,0,66,0.0,Cloudy 
2026-09-11 20:45:43,26,30,90,1008,12,E,0,66,0.0,Cloudy 
2026-09-11 21:01:13,26,30,90,1008,12,E,0,66,0.0,Cloudy 
2026-09-11 21:15:50,26,30,90,1008,12,E,0,66,0.0,Cloudy 
2026-09-11 21:31:00,26,29,86,1008,10,ENE,0,100,0.1,Patchy rain nearby
2026-09-11 21:45:42,26,29,86,1008,10,ENE,0,100,0.1,Patchy rain nearby
2026-09-11 21:54:17,26,29,86,1008,10,ENE,0,100,0.1,Patchy rain nearby
2026-09-11 22:01:13,26,29,86,1008,10,ENE,0,100,0.1,Patchy rain nearby
2026-09-11 22:15:41,26,29,86,1008,10,ENE,0,100,0.1,Patchy rain nearby
2026-09-11 22:30:56,26,29,86,1008,10,ENE,0,100,0.1,Patchy rain nearby
2026-09-11 22:45:44,26,29,86,1008,10,ENE,0,100,0.1,Patchy rain nearby
2026-09-11 23:01:23,24,26,93,1007,18,ENE,0,100,0.0,Overcast 
2026-09-11 23:15:40,24,26,93,1007,18,ENE,0,100,0.0,Overcast 
2026-09-11 23:30:57,24,26,93,1007,18,ENE,0,100,0.0,Overcast 
2026-09-11 23:45:39,24,26,93,1007,18,ENE,0,100,0.0,Overcast 
2026-09-12 00:01:23,24,26,93,1007,18,ENE,0,100,0.0,Overcast 
2026-09-12 00:15:40,24,26,93,1007,18,ENE,0,100,0.0,Overcast 
2026-09-12 00:31:01,25,28,94,1009,10,E,0,100,3.0,Moderate or heavy rain shower
2026-09-12 00:36:55,25,28,94,1009,10,E,0,100,3.0,Moderate or heavy rain shower
2026-09-12 00:45:39,25,28,94,1009,10,E,0,100,3.0,Moderate or heavy rain shower
2026-09-12 01:01:10,25,28,94,1009,10,E,0,100,3.0,Moderate or heavy rain shower
2026-09-12 01:15:38,25,28,94,1009,10,E,0,100,3.0,Moderate or heavy rain shower
2026-09-12 01:31:00,25,28,94,1009,10,E,0,100,3.0,Moderate or heavy rain shower
2026-09-12 01:45:38,25,28,94,1009,10,E,0,100,3.0,Moderate or heavy rain shower
2026-09-12 02:01:11,25,28,91,1010,10,ENE,0,80,0.0,Cloudy 
2026-09-12 02:15:42,25,28,91,1010,10,ENE,0,80,0.0,Cloudy 
2026-09-12 02:30:56,25,28,91,1010,10,ENE,0,80,0.0,Cloudy 
2026-09-12 02:45:39,25,28,91,1010,10,ENE,0,80,0.0,Cloudy 
2026-09-12 03:01:17,25,28,91,1010,10,ENE,0,80,0.0,Cloudy 
2026-09-12 03:15:43,25,28,91,1010,10,ENE,0,80,0.0,Cloudy 
2026-09-12 03:31:01,27,29,82,1011,14,E,0,5,0.0,Sunny
2026-09-12 03:45:43,27,29,82,1011,14,E,0,5,0.0,Sunny
2026-09-12 04:01:15,27,29,82,1011,14,E,0,5,0.0,Sunny
2026-09-12 04:15:41,27,29,82,1011,14,E,0,5,0.0,Sunny
2026-09-12 04:31:02,27,29,82,1011,14,E,0,5,0.0,Sunny
2026-09-12 04:45:41,27,29,82,1011,14,E,0,5,0.0,Sunny
2026-09-12 05:00:26,29,35,74,1011,18,ESE,2,6,0.0,Sunny
2026-09-12 05:01:18,29,35,74,1011,18,ESE,2,6,0.0,Sunny
2026-09-12 05:15:42,29,35,74,1011,18,ESE,2,6,0.0,Sunny
2026-09-12 05:30:57,29,35,74,1011,18,ESE,2,6,0.0,Sunny
2026-09-12 05:45:40,29,35,74,1011,18,ESE,2,6,0.0,Sunny
2026-09-12 06:01:16,29,35,74,1011,18,ESE,2,6,0.0,Sunny
2026-09-12 06:15:39,29,35,74,1011,18,ESE,2,6,0.0,Sunny
2026-09-12 06:30:55,31,36,69,1010,18,ESE,8,87,0.3,Patchy rain nearby
2026-09-12 06:45:40,31,36,69,1010,18,ESE,8,87,0.3,Patchy rain nearby
2026-09-12 07:01:10,31,36,69,1010,18,ESE,8,87,0.3,Patchy rain nearby
2026-09-12 07:15:42,31,36,69,1010,18,ESE,8,87,0.3,Patchy rain nearby
2026-09-12 07:30:59,31,36,69,1010,18,ESE,8,87,0.3,Patchy rain nearby
2026-09-12 07:45:42,31,36,69,1010,18,ESE,8,87,0.3,Patchy rain nearby
2026-09-12 08:01:10,32,37,63,1008,18,ESE,8,70,0.0,Patchy rain nearby
2026-09-12 08:15:40,32,37,63,1008,18,ESE,8,70,0.0,Patchy rain nearby
2026-09-12 08:30:56,32,37,63,1008,18,ESE,8,70,0.0,Patchy rain nearby
2026-09-12 08:45:44,32,37,63,1008,18,ESE,8,70,0.0,Patchy rain nearby
2026-09-12 09:01:13,32,37,63,1008,18,ESE,8,70,0.0,Patchy rain nearby
2026-09-12 09:15:43,32,37,63,1008,18,ESE,8,70,0.0,Patchy rain nearby
2026-09-12 09:30:57,33,39,59,1006,18,ESE,5,21,0.0,Sunny
2026-09-12 09:34:16,33,39,59,1006,18,ESE,5,21,0.0,Sunny
2026-09-12 09:45:39,33,39,59,1006,18,ESE,5,21,0.0,Sunny
2026-09-12 10:01:11,33,39,59,1006,18,ESE,5,21,0.0,Sunny
2026-09-12 10:15:41,33,39,59,1006,18,ESE,5,21,0.0,Sunny
2026-09-12 10:30:58,33,39,59,1006,18,ESE,5,21,0.0,Sunny
2026-09-12 10:45:40,33,39,59,1006,18,ESE,5,21,0.0,Sunny
2026-09-12 11:01:14,31,38,68,1006,14,ESE,1,54,0.2,Light rain shower
2026-09-12 11:15:39,31,38,68,1006,14,ESE,1,54,0.2,Light rain shower
2026-09-12 11:30:58,31,38,68,1006,14,ESE,1,54,0.2,Light rain shower
2026-09-12 11:45:41,31,38,68,1006,14,ESE,1,54,0.2,Light rain shower
2026-09-12 12:01:14,31,38,68,1006,14,ESE,1,54,0.2,Light rain shower
2026-09-12 12:15:42,31,38,68,1006,14,ESE,1,54,0.2,Light rain shower
2026-09-12 12:31:00,31,38,68,1006,14,ESE,1,54,0.2,Light rain shower
2026-09-12 12:45:40,30,37,80,1006,10,ESE,0,5,0.0,Clear 
2026-09-12 13:01:15,30,37,80,1006,10,ESE,0,5,0.0,Clear 
2026-09-12 13:08:16,30,37,80,1006,10,ESE,0,5,0.0,Clear 
2026-09-12 13:15:44,30,37,80,1006,10,ESE,0,5,0.0,Clear 
2026-09-12 13:30:56,30,37,80,1006,10,ESE,0,5,0.0,Clear 
2026-09-12 13:45:41,30,37,80,1006,10,ESE,0,5,0.0,Clear 
2026-09-12 14:01:12,30,37,80,1006,10,ESE,0,5,0.0,Clear 
2026-09-12 14:15:39,29,35,83,1007,10,ESE,0,40,0.0,Partly Cloudy 
2026-09-12 14:30:57,29,35,83,1007,10,ESE,0,40,0.0,Partly Cloudy 
2026-09-12 14:45:42,29,35,83,1007,10,ESE,0,40,0.0,Partly Cloudy 
2026-09-12 15:01:11,29,35,83,1007,10,ESE,0,40,0.0,Partly Cloudy 
2026-09-12 15:15:39,29,35,83,1007,10,ESE,0,40,0.0,Partly Cloudy 
2026-09-12 15:30:58,29,35,83,1007,10,ESE,0,40,0.0,Partly Cloudy 
2026-09-12 15:45:41,28,33,84,1009,11,ESE,0,82,0.0,Patchy rain nearby
2026-09-12 16:01:11,28,33,84,1009,11,ESE,0,82,0.0,Patchy rain nearby
2026-09-12 16:15:41,28,33,84,1009,11,ESE,0,82,0.0,Patchy rain nearby
2026-09-12 16:28:25,28,33,84,1009,11,ESE,0,82,0.0,Patchy rain nearby
2026-09-12 16:30:56,28,33,84,1009,11,ESE,0,82,0.0,Patchy rain nearby
2026-09-12 16:45:38,28,33,84,1009,11,ESE,0,82,0.0,Patchy rain nearby
2026-09-12 17:01:11,28,33,84,1009,11,ESE,0,82,0.0,Patchy rain nearby
2026-09-12 17:15:40,27,31,90,1010,11,ESE,0,5,0.0,Clear 
2026-09-12 17:30:58,27,31,90,1010,11,ESE,0,5,0.0,Clear 
2026-09-12 17:45:40,27,31,90,1010,11,ESE,0,5,0.0,Clear 
2026-09-12 18:01:11,27,31,90,1010,11,ESE,0,5,0.0,Clear 
2026-09-12 18:15:40,27,31,90,1010,11,ESE,0,5,0.0,Clear 
2026-09-12 18:31:01,27,31,90,1010,11,ESE,0,5,0.0,Clear 
2026-09-12 18:44:50,26,30,93,1009,11,E,0,5,0.0,Clear 
2026-09-12 18:45:37,26,30,93,1009,11,E,0,5,0.0,Clear 
2026-09-12 19:01:11,26,30,93,1009,11,E,0,5,0.0,Clear 
2026-09-12 19:15:40,26,30,93,1009,11,E,0,5,0.0,Clear 
2026-09-12 19:30:54,26,30,93,1009,11,E,0,5,0.0,Clear 
2026-09-12 19:45:39,26,30,93,1009,11,E,0,5,0.0,Clear 
2026-09-12 20:01:07,26,30,93,1009,11,E,0,5,0.0,Clear 
2026-09-12 20:15:39,26,30,93,1009,11,E,0,5,0.0,Clear 
2026-09-12 20:30:57,26,30,93,1009,11,E,0,5,0.0,Clear 
2026-09-12 20:45:40,26,30,93,1009,11,E,0,5,0.0,Clear 
2026-09-12 20:58:25,26,30,93,1009,11,E,0,5,0.0,Clear 
2026-09-12 21:01:13,26,30,93,1009,11,E,0,5,0.0,Clear 
2026-09-12 21:15:57,26,30,93,1009,11,E,0,5,0.0,Clear 
2026-09-12 21:30:58,26,30,93,1009,11,E,0,5,0.0,Clear 
2026-09-12 21:45:38,26,30,93,1009,11,E,0,5,0.0,Clear 
2026-09-12 22:01:12,26,30,93,1009,11,E,0,5,0.0,Clear 
2026-09-12 22:15:39,26,30,93,1009,11,E,0,5,0.0,Clear 
2026-09-12 22:30:54,26,30,93,1009,11,E,0,5,0.0,Clear 
2026-09-12 22:45:46,26,30,93,1009,11,E,0,5,0.0,Clear 
2026-09-12 23:01:10,26,30,93,1009,11,E,0,5,0.0,Clear 
2026-09-12 23:15:39,26,30,93,1009,11,E,0,5,0.0,Clear 
2026-09-12 23:20:06,26,29,93,1009,11,E,0,72,0.0,Patchy rain nearby
2026-09-12 23:30:54,26,29,93,1009,11,E,0,72,0.0,Patchy rain nearby
2026-09-12 23:45:42,26,29,93,1009,11,E,0,72,0.0,Patchy rain nearby
2026-09-13 00:01:17,26,29,93,1009,11,E,0,72,0.0,Patchy rain nearby
2026-09-13 00:15:38,26,29,93,1009,11,E,0,72,0.0,Patchy rain nearby
2026-09-13 00:30:57,26,29,93,1009,11,E,0,72,0.0,Patchy rain nearby
2026-09-13 00:45:40,26,29,93,1009,11,E,0,72,0.0,Patchy rain nearby
2026-09-13 01:01:11,26,29,92,1010,13,E,0,72,0.0,Patchy rain nearby
2026-09-13 01:15:37,26,29,92,1010,13,E,0,72,0.0,Patchy rain nearby
2026-09-13 01:24:22,26,29,92,1010,13,E,0,72,0.0,Patchy rain nearby
2026-09-13 01:30:59,26,29,92,1010,13,E,0,72,0.0,Patchy rain nearby
2026-09-13 01:45:39,26,29,92,1010,13,E,0,72,0.0,Patchy rain nearby
2026-09-13 02:01:09,26,29,92,1010,13,E,0,72,0.0,Patchy rain nearby
2026-09-13 02:15:41,26,29,92,1010,13,E,0,72,0.0,Patchy rain nearby
2026-09-13 02:30:54,26,29,92,1010,13,E,0,72,0.0,Patchy rain nearby
2026-09-13 02:45:40,27,31,80,1011,20,ESE,2,77,0.7,Moderate rain at times
2026-09-13 03:01:13,27,31,80,1011,20,ESE,2,77,0.7,Moderate rain at times
2026-09-13 03:15:37,27,31,80,1011,20,ESE,2,77,0.7,Moderate rain at times
2026-09-13 03:31:01,27,31,80,1011,20,ESE,2,77,0.7,Moderate rain at times
2026-09-13 03:45:39,27,31,80,1011,20,ESE,2,77,0.7,Moderate rain at times
2026-09-13 04:01:09,27,31,80,1011,20,ESE,2,77,0.7,Moderate rain at times
2026-09-13 04:15:38,27,31,80,1011,20,ESE,2,77,0.7,Moderate rain at times
2026-09-13 04:31:01,29,33,76,1012,21,ESE,5,62,0.5,Light rain shower
2026-09-13 04:45:40,29,33,76,1012,21,ESE,5,62,0.5,Light rain shower
2026-09-13 05:01:11,29,33,76,1012,21,ESE,5,62,0.5,Light rain shower
2026-09-13 05:15:38,29,33,76,1012,21,ESE,5,62,0.5,Light rain shower
2026-09-13 05:31:02,29,33,76,1012,21,ESE,5,62,0.5,Light rain shower
2026-09-13 05:45:40,29,33,76,1012,21,ESE,5,62,0.5,Light rain shower
2026-09-13 06:01:13,30,36,68,1011,21,ESE,9,12,0.0,Sunny
2026-09-13 06:15:42,30,36,68,1011,21,ESE,9,12,0.0,Sunny
2026-09-13 06:30:58,30,36,68,1011,21,ESE,9,12,0.0,Sunny
2026-09-13 06:45:19,30,36,68,1011,21,ESE,9,12,0.0,Sunny
2026-09-13 06:45:38,30,36,68,1011,21,ESE,9,12,0.0,Sunny
2026-09-13 07:01:08,30,36,68,1011,21,ESE,9,12,0.0,Sunny
2026-09-13 07:15:40,30,36,68,1011,21,ESE,9,12,0.0,Sunny
2026-09-13 07:30:55,30,36,68,1011,21,ESE,9,12,0.0,Sunny
2026-09-13 07:45:49,31,37,66,1009,19,E,8,98,0.2,Light rain shower
2026-09-13 08:01:11,31,37,66,1009,19,E,8,98,0.2,Light rain shower
2026-09-13 08:15:43,31,37,66,1009,19,E,8,98,0.2,Light rain shower
2026-09-13 08:31:00,31,37,66,1009,19,E,8,98,0.2,Light rain shower
2026-09-13 09:15:50,31,37,68,1008,17,E,4,85,0.6,Light rain shower
2026-09-13 09:45:41,31,37,68,1008,17,E,4,85,0.6,Light rain shower
2026-09-13 10:01:15,31,37,68,1008,17,E,4,85,0.6,Light rain shower
2026-09-13 10:15:43,31,37,68,1008,17,E,4,85,0.6,Light rain shower
2026-09-13 10:30:57,31,37,68,1008,17,E,4,85,0.6,Light rain shower
2026-09-13 10:45:39,30,36,71,1007,15,E,1,62,0.0,Partly Cloudy 
2026-09-13 11:01:08,30,36,71,1007,15,E,1,62,0.0,Partly Cloudy 
2026-09-13 11:15:39,30,36,71,1007,15,E,1,62,0.0,Partly Cloudy 
2026-09-13 11:30:54,30,36,71,1007,15,E,1,62,0.0,Partly Cloudy 
2026-09-13 11:45:40,30,36,71,1007,15,E,1,62,0.0,Partly Cloudy 
2026-09-13 12:01:13,30,36,71,1007,15,E,1,62,0.0,Partly Cloudy 
2026-09-13 12:15:39,29,35,78,1007,13,E,0,75,0.0,Patchy rain nearby
2026-09-13 12:30:59,29,35,78,1007,13,E,0,75,0.0,Patchy rain nearby
2026-09-13 12:45:44,29,35,78,1007,13,E,0,75,0.0,Patchy rain nearby
2026-09-13 12:50:31,29,35,78,1007,13,E,0,75,0.0,Patchy rain nearby
2026-09-13 13:01:13,29,35,78,1007,13,E,0,75,0.0,Patchy rain nearby
2026-09-13 13:15:42,29,35,78,1007,13,E,0,75,0.0,Patchy rain nearby
2026-09-13 13:30:58,29,35,78,1007,13,E,0,75,0.0,Patchy rain nearby
2026-09-13 13:45:40,28,34,82,1009,10,E,0,5,0.0,Clear 
2026-09-13 14:01:11,28,34,82,1009,10,E,0,5,0.0,Clear 
2026-09-13 14:15:42,28,34,82,1009,10,E,0,5,0.0,Clear 
2026-09-13 14:30:59,28,34,82,1009,10,E,0,5,0.0,Clear 
2026-09-13 14:45:41,28,34,82,1009,10,E,0,5,0.0,Clear 
2026-09-13 15:01:20,28,34,82,1009,10,E,0,5,0.0,Clear 
2026-09-13 15:15:44,28,33,86,1010,12,E,0,51,0.1,Patchy rain nearby
2026-09-13 15:31:02,28,33,86,1010,12,E,0,51,0.1,Patchy rain nearby
2026-09-13 15:45:40,28,33,86,1010,12,E,0,51,0.1,Patchy rain nearby
2026-09-13 16:01:13,28,33,86,1010,12,E,0,51,0.1,Patchy rain nearby
2026-09-13 16:15:43,28,33,86,1010,12,E,0,51,0.1,Patchy rain nearby
2026-09-13 16:30:57,28,33,86,1010,12,E,0,51,0.1,Patchy rain nearby
2026-09-13 16:45:40,27,32,88,1011,12,ESE,0,85,0.1,Patchy rain nearby
2026-09-13 17:01:10,27,32,88,1011,12,ESE,0,85,0.1,Patchy rain nearby
2026-09-13 17:03:14,27,32,88,1011,12,ESE,0,85,0.1,Patchy rain nearby
2026-09-13 17:15:43,27,32,88,1011,12,ESE,0,85,0.1,Patchy rain nearby
2026-09-13 17:30:55,27,32,88,1011,12,ESE,0,85,0.1,Patchy rain nearby
2026-09-13 17:45:42,27,32,88,1011,12,ESE,0,85,0.1,Patchy rain nearby
2026-09-13 18:01:07,27,32,88,1011,12,ESE,0,85,0.1,Patchy rain nearby
2026-09-13 18:15:39,27,31,90,1010,12,E,0,54,0.1,Patchy rain nearby
2026-09-13 18:30:57,27,31,90,1010,12,E,0,54,0.1,Patchy rain nearby
2026-09-13 18:45:39,27,31,90,1010,12,E,0,54,0.1,Patchy rain nearby
2026-09-13 19:01:11,27,31,90,1010,12,E,0,54,0.1,Patchy rain nearby
2026-09-13 19:15:39,27,31,90,1010,12,E,0,54,0.1,Patchy rain nearby
2026-09-13 19:31:01,27,31,90,1010,12,E,0,54,0.1,Patchy rain nearby
2026-09-13 19:45:43,27,30,89,1010,13,E,0,55,0.1,Patchy rain nearby
2026-09-13 20:01:07,27,30,89,1010,13,E,0,55,0.1,Patchy rain nearby
2026-09-13 20:15:42,27,30,89,1010,13,E,0,55,0.1,Patchy rain nearby
2026-09-13 20:30:59,27,30,89,1010,13,E,0,55,0.1,Patchy rain nearby
2026-09-13 20:45:41,27,30,89,1010,13,E,0,55,0.1,Patchy rain nearby
2026-09-13 21:01:09,27,30,89,1010,13,E,0,55,0.1,Patchy rain nearby
2026-09-13 21:15:49,26,29,89,1010,14,E,0,55,0.1,Patchy rain nearby
2026-09-13 21:30:56,26,29,89,1010,14,E,0,55,0.1,Patchy rain nearby
2026-09-13 21:45:39,26,29,89,1010,14,E,0,55,0.1,Patchy rain nearby
2026-09-13 22:01:09,26,29,89,1010,14,E,0,55,0.1,Patchy rain nearby
2026-09-13 22:15:40,26,29,89,1010,14,E,0,55,0.1,Patchy rain nearby
2026-09-13 22:30:56,26,29,89,1010,14,E,0,55,0.1,Patchy rain nearby
2026-09-13 22:35:58,26,29,89,1010,14,E,0,55,0.1,Patchy rain nearby
2026-09-13 22:45:40,26,28,92,1010,13,E,0,56,0.0,Patchy rain nearby
2026-09-13 23:01:09,26,28,92,1010,13,E,0,56,0.0,Patchy rain nearby
2026-09-13 23:15:45,26,28,92,1010,13,E,0,56,0.0,Patchy rain nearby
2026-09-13 23:30:53,26,28,92,1010,13,E,0,56,0.0,Patchy rain nearby
2026-09-13 23:45:46,26,28,92,1010,13,E,0,56,0.0,Patchy rain nearby
2026-09-14 00:01:14,26,28,92,1010,13,E,0,56,0.0,Patchy rain nearby
2026-09-14 00:15:41,25,28,94,1010,13,E,0,99,0.0,Overcast 
2026-09-14 00:25:01,25,28,94,1010,13,E,0,99,0.0,Overcast 
2026-09-14 00:30:59,25,28,94,1010,13,E,0,99,0.0,Overcast 
2026-09-14 00:45:37,25,28,94,1010,13,E,0,99,0.0,Overcast 
2026-09-14 01:01:08,25,28,94,1010,13,E,0,99,0.0,Overcast 
2026-09-14 01:15:39,25,28,94,1010,13,E,0,99,0.0,Overcast 
2026-09-14 01:30:57,25,28,94,1010,13,E,0,99,0.0,Overcast 
2026-09-14 01:45:40,25,27,89,1012,16,E,1,11,0.0,Sunny
2026-09-14 02:01:12,25,27,89,1012,16,E,1,11,0.0,Sunny
2026-09-14 02:15:40,25,27,89,1012,16,E,1,11,0.0,Sunny
2026-09-14 02:30:56,25,27,89,1012,16,E,1,11,0.0,Sunny
2026-09-14 02:45:46,25,27,89,1012,16,E,1,11,0.0,Sunny
2026-09-14 03:01:12,25,27,89,1012,16,E,1,11,0.0,Sunny
2026-09-14 03:15:40,25,27,89,1012,16,E,1,11,0.0,Sunny
2026-09-14 03:30:55,27,29,82,1012,20,ESE,2,5,0.0,Sunny
2026-09-14 03:45:41,27,29,82,1012,20,ESE,2,5,0.0,Sunny
2026-09-14 04:01:13,27,29,82,1012,20,ESE,2,5,0.0,Sunny
2026-09-14 04:15:43,27,29,82,1012,20,ESE,2,5,0.0,Sunny
2026-09-14 04:31:01,27,29,82,1012,20,ESE,2,5,0.0,Sunny
2026-09-14 04:45:41,27,29,82,1012,20,ESE,2,5,0.0,Sunny
2026-09-14 05:01:15,29,34,71,1012,22,ESE,7,85,0.6,Moderate rain at times
2026-09-14 05:15:42,29,34,71,1012,22,ESE,7,85,0.6,Moderate rain at times
2026-09-14 05:26:03,29,34,71,1012,22,ESE,7,85,0.6,Moderate rain at times
2026-09-14 05:30:56,29,34,71,1012,22,ESE,7,85,0.6,Moderate rain at times
2026-09-14 05:45:43,29,34,71,1012,22,ESE,7,85,0.6,Moderate rain at times
2026-09-14 06:01:16,29,34,71,1012,22,ESE,7,85,0.6,Moderate rain at times
2026-09-14 06:15:45,29,34,71,1012,22,ESE,7,85,0.6,Moderate rain at times
2026-09-14 06:31:00,29,34,71,1012,22,ESE,7,85,0.6,Moderate rain at times
2026-09-14 06:45:44,31,36,64,1010,19,ESE,9,86,0.2,Patchy rain nearby
2026-09-14 07:01:18,31,36,64,1010,19,ESE,9,86,0.2,Patchy rain nearby
2026-09-14 07:15:47,31,36,64,1010,19,ESE,9,86,0.2,Patchy rain nearby
2026-09-14 07:30:58,31,36,64,1010,19,ESE,9,86,0.2,Patchy rain nearby
2026-09-14 07:46:05,31,36,64,1010,19,ESE,9,86,0.2,Patchy rain nearby
2026-09-14 08:01:18,31,36,64,1010,19,ESE,9,86,0.2,Patchy rain nearby
2026-09-14 08:15:43,31,36,64,1010,19,ESE,9,86,0.2,Patchy rain nearby
2026-09-14 08:31:04,31,36,64,1008,17,ESE,8,62,2.0,Light rain shower
2026-09-14 08:45:46,31,36,64,1008,17,ESE,8,62,2.0,Light rain shower
2026-09-14 09:01:17,31,36,64,1008,17,ESE,8,62,2.0,Light rain shower
2026-09-14 09:15:44,31,36,64,1008,17,ESE,8,62,2.0,Light rain shower
2026-09-14 09:31:02,31,36,64,1008,17,ESE,8,62,2.0,Light rain shower
2026-09-14 14:31:02,28,32,84,1009,8,ESE,0,48,0.0,Partly Cloudy 
2026-09-14 14:45:50,28,32,84,1009,8,ESE,0,48,0.0,Partly Cloudy 
2026-09-14 15:01:25,28,32,84,1009,8,ESE,0,48,0.0,Partly Cloudy 
2026-09-14 15:15:42,28,32,84,1009,8,ESE,0,48,0.0,Partly Cloudy 
2026-09-14 15:31:00,28,32,84,1009,8,ESE,0,48,0.0,Partly Cloudy 
2026-09-14 15:45:42,28,32,84,1009,8,ESE,0,48,0.0,Partly Cloudy 
2026-09-14 16:01:16,28,32,82,1010,8,ESE,0,77,0.2,Patchy rain nearby
2026-09-14 16:15:44,28,32,82,1010,8,ESE,0,77,0.2,Patchy rain nearby
2026-09-14 16:31:02,28,32,82,1010,8,ESE,0,77,0.2,Patchy rain nearby
2026-09-14 16:45:43,28,32,82,1010,8,ESE,0,77,0.2,Patchy rain nearby
2026-09-14 17:01:16,28,32,82,1010,8,ESE,0,77,0.2,Patchy rain nearby
2026-09-14 17:02:51,28,32,82,1010,8,ESE,0,77,0.2,Patchy rain nearby
2026-09-14 17:15:45,28,32,82,1010,8,ESE,0,77,0.2,Patchy rain nearby
2026-09-14 17:30:58,28,32,82,1010,8,ESE,0,77,0.2,Patchy rain nearby
2026-09-14 17:45:50,27,30,84,1010,8,ESE,0,51,0.3,Light rain shower
2026-09-14 18:01:12,27,30,84,1010,8,ESE,0,51,0.3,Light rain shower
2026-09-14 18:15:41,27,30,84,1010,8,ESE,0,51,0.3,Light rain shower
2026-09-14 18:31:02,27,30,84,1010,8,ESE,0,51,0.3,Light rain shower
2026-09-14 18:45:46,27,30,84,1010,8,ESE,0,51,0.3,Light rain shower
2026-09-14 19:01:12,27,30,84,1010,8,ESE,0,51,0.3,Light rain shower
2026-09-14 19:15:43,26,29,92,1009,9,E,0,79,0.0,Patchy rain nearby
2026-09-14 19:31:01,26,29,92,1009,9,E,0,79,0.0,Patchy rain nearby
2026-09-14 19:45:43,26,29,92,1009,9,E,0,79,0.0,Patchy rain nearby
2026-09-14 20:01:14,26,29,92,1009,9,E,0,79,0.0,Patchy rain nearby
2026-09-14 20:15:39,26,29,92,1009,9,E,0,79,0.0,Patchy rain nearby
2026-09-14 20:31:00,26,29,92,1009,9,E,0,79,0.0,Patchy rain nearby
2026-09-14 20:45:42,26,29,92,1009,9,E,0,79,0.0,Patchy rain nearby
2026-09-14 21:01:17,26,29,92,1009,9,E,0,72,1.1,Patchy rain nearby
2026-09-14 21:03:02,26,29,92,1009,9,E,0,72,1.1,Patchy rain nearby
2026-09-14 21:15:40,26,29,92,1009,9,E,0,72,1.1,Patchy rain nearby
2026-09-14 21:30:56,26,29,92,1009,9,E,0,72,1.1,Patchy rain nearby
2026-09-14 21:45:39,26,29,92,1009,9,E,0,72,1.1,Patchy rain nearby
2026-09-14 22:01:12,26,29,92,1009,9,E,0,72,1.1,Patchy rain nearby
2026-09-14 22:15:45,26,29,92,1009,9,E,0,72,1.1,Patchy rain nearby
2026-09-14 22:30:56,25,29,92,1009,8,E,0,8,0.0,Clear 
2026-09-14 22:45:52,25,29,92,1009,8,E,0,8,0.0,Clear 
2026-09-14 23:01:15,25,29,92,1009,8,E,0,8,0.0,Clear 
2026-09-14 23:15:44,25,29,92,1009,8,E,0,8,0.0,Clear 
2026-09-14 23:30:57,25,29,92,1009,8,E,0,8,0.0,Clear 
2026-09-14 23:45:42,25,29,92,1009,8,E,0,8,0.0,Clear 
2026-09-14 23:58:39,25,29,93,1009,10,E,0,5,0.0,Clear 
2026-09-15 00:01:14,25,29,93,1009,10,E,0,5,0.0,Clear 
2026-09-15 00:15:41,25,29,93,1009,10,E,0,5,0.0,Clear 
2026-09-15 00:30:57,25,29,93,1009,10,E,0,5,0.0,Clear 
2026-09-15 00:45:39,25,29,93,1009,10,E,0,5,0.0,Clear 
2026-09-15 01:01:14,25,29,93,1009,10,E,0,5,0.0,Clear 
2026-09-15 01:15:44,25,29,93,1009,10,E,0,5,0.0,Clear 
2026-09-15 01:30:58,25,28,88,1011,10,ESE,1,18,0.0,Sunny
2026-09-15 01:45:40,25,28,88,1011,10,ESE,1,18,0.0,Sunny
2026-09-15 02:01:11,25,28,88,1011,10,ESE,1,18,0.0,Sunny
2026-09-15 02:15:42,25,28,88,1011,10,ESE,1,18,0.0,Sunny
2026-09-15 02:31:01,25,28,88,1011,10,ESE,1,18,0.0,Sunny
2026-09-15 02:45:42,25,28,88,1011,10,ESE,1,18,0.0,Sunny
2026-09-15 03:01:13,27,30,80,1011,9,SE,2,83,0.0,Patchy rain nearby
2026-09-15 03:15:42,27,30,80,1011,9,SE,2,83,0.0,Patchy rain nearby
2026-09-15 03:30:57,27,30,80,1011,9,SE,2,83,0.0,Patchy rain nearby
2026-09-15 03:45:40,27,30,80,1011,9,SE,2,83,0.0,Patchy rain nearby
2026-09-15 04:01:12,27,30,80,1011,9,SE,2,83,0.0,Patchy rain nearby
2026-09-15 04:15:43,27,30,80,1011,9,SE,2,83,0.0,Patchy rain nearby
2026-09-15 04:30:57,27,30,80,1011,9,SE,2,83,0.0,Patchy rain nearby
2026-09-15 04:45:39,29,34,70,1011,9,SSE,7,71,2.4,Patchy rain nearby
2026-09-15 05:01:14,29,34,70,1011,9,SSE,7,71,2.4,Patchy rain nearby
2026-09-15 05:15:41,29,34,70,1011,9,SSE,7,71,2.4,Patchy rain nearby
2026-09-15 05:20:10,29,34,70,1011,9,SSE,7,71,2.4,Patchy rain nearby
2026-09-15 05:31:01,29,34,70,1011,9,SSE,7,71,2.4,Patchy rain nearby
2026-09-15 05:45:41,29,34,70,1011,9,SSE,7,71,2.4,Patchy rain nearby
2026-09-15 06:01:13,29,34,70,1011,9,SSE,7,71,2.4,Patchy rain nearby
2026-09-15 06:15:42,30,34,66,1010,9,SE,9,5,0.0,Sunny
2026-09-15 06:30:59,30,34,66,1010,9,SE,9,5,0.0,Sunny
2026-09-15 06:45:43,30,34,66,1010,9,SE,9,5,0.0,Sunny
2026-09-15 07:01:14,30,34,66,1010,9,SE,9,5,0.0,Sunny
2026-09-15 07:15:43,30,34,66,1010,9,SE,9,5,0.0,Sunny
2026-09-15 07:30:59,30,34,66,1010,9,SE,9,5,0.0,Sunny
2026-09-15 07:45:48,32,36,61,1007,8,ESE,8,68,0.1,Patchy rain nearby
2026-09-15 08:01:15,32,36,61,1007,8,ESE,8,68,0.1,Patchy rain nearby
2026-09-15 08:15:44,32,36,61,1007,8,ESE,8,68,0.1,Patchy rain nearby
2026-09-15 08:31:03,32,36,61,1007,8,ESE,8,68,0.1,Patchy rain nearby
2026-09-16 08:31:00,32,36,57,1007,10,NW,7,73,0.2,Patchy rain nearby
2026-09-16 08:45:45,32,36,57,1007,10,NW,7,73,0.2,Patchy rain nearby
2026-09-16 09:01:11,32,36,57,1007,10,NW,7,73,0.2,Patchy rain nearby
2026-09-16 09:15:39,32,36,56,1005,8,NW,5,86,0.1,Patchy rain nearby
2026-09-16 09:31:02,32,36,56,1005,8,NW,5,86,0.1,Patchy rain nearby
2026-09-16 09:45:43,32,36,56,1005,8,NW,5,86,0.1,Patchy rain nearby
2026-09-16 10:01:11,32,36,56,1005,8,NW,5,86,0.1,Patchy rain nearby
2026-09-16 10:15:44,32,36,56,1005,8,NW,5,86,0.1,Patchy rain nearby
2026-09-16 10:31:02,32,36,56,1005,8,NW,5,86,0.1,Patchy rain nearby
2026-09-16 10:45:47,32,38,63,1004,9,NNW,1,22,0.0,Smoky haze
2026-09-16 11:01:13,32,38,63,1004,9,NNW,1,22,0.0,Smoky haze
2026-09-16 11:15:42,32,38,63,1004,9,NNW,1,22,0.0,Smoky haze
2026-09-16 11:30:59,32,38,63,1004,9,NNW,1,22,0.0,Smoky haze
2026-09-16 11:45:45,32,38,63,1004,9,NNW,1,22,0.0,Smoky haze
2026-09-16 12:01:13,32,38,63,1004,9,NNW,1,22,0.0,Smoky haze
2026-09-16 12:06:24,32,38,63,1004,9,NNW,1,22,0.0,Smoky haze
2026-09-16 12:15:44,31,38,70,1004,6,N,0,76,0.0,Patchy rain nearby
2026-09-16 12:30:59,31,38,70,1004,6,N,0,76,0.0,Patchy rain nearby
2026-09-16 12:45:45,31,38,70,1004,6,N,0,76,0.0,Patchy rain nearby
2026-09-16 13:01:11,31,38,70,1004,6,N,0,76,0.0,Patchy rain nearby
2026-09-16 13:15:41,31,38,70,1004,6,N,0,76,0.0,Patchy rain nearby
2026-09-16 13:31:01,31,38,70,1004,6,N,0,76,0.0,Patchy rain nearby
2026-09-16 13:45:44,29,34,76,1005,9,NE,0,5,0.0,Smoky haze
2026-09-16 14:01:15,29,34,76,1005,9,NE,0,5,0.0,Smoky haze
2026-09-16 14:15:45,29,34,76,1005,9,NE,0,5,0.0,Smoky haze
2026-09-16 14:31:01,29,34,76,1005,9,NE,0,5,0.0,Smoky haze
2026-09-16 14:45:46,29,34,76,1005,9,NE,0,5,0.0,Smoky haze
2026-09-16 15:01:14,29,34,76,1005,9,NE,0,5,0.0,Smoky haze
2026-09-16 15:15:44,29,32,73,1006,6,E,0,0,0.0,Smoky haze
2026-09-16 15:31:00,29,32,73,1006,6,E,0,0,0.0,Smoky haze
2026-09-16 15:46:23,29,32,73,1006,6,E,0,0,0.0,Smoky haze
2026-09-16 16:01:16,29,32,73,1006,6,E,0,0,0.0,Smoky haze
2026-09-16 16:15:41,29,32,73,1006,6,E,0,0,0.0,Smoky haze
2026-09-16 16:31:00,29,32,73,1006,6,E,0,0,0.0,Smoky haze
2026-09-16 16:45:44,29,32,73,1006,6,E,0,0,0.0,Smoky haze
2026-09-16 17:01:11,28,31,76,1006,9,ESE,0,0,0.0,Smoky haze
2026-09-16 17:15:41,28,31,76,1006,9,ESE,0,0,0.0,Smoky haze
2026-09-16 17:16:30,28,31,76,1006,9,ESE,0,0,0.0,Smoky haze
2026-09-16 17:31:05,28,31,76,1006,9,ESE,0,0,0.0,Smoky haze
2026-09-16 17:45:42,28,31,76,1006,9,ESE,0,0,0.0,Smoky haze
2026-09-16 18:01:15,28,31,76,1006,9,ESE,0,0,0.0,Smoky haze
2026-09-16 18:15:40,28,31,76,1006,9,ESE,0,0,0.0,Smoky haze
2026-09-16 18:30:54,27,30,78,1006,8,SE,0,8,0.0,Smoky haze
2026-09-16 18:45:40,27,30,78,1006,8,SE,0,8,0.0,Smoky haze
2026-09-16 19:01:12,27,30,78,1006,8,SE,0,8,0.0,Smoky haze
2026-09-16 19:15:50,27,30,78,1006,8,SE,0,8,0.0,Smoky haze
2026-09-16 19:31:01,27,30,78,1006,8,SE,0,8,0.0,Smoky haze
2026-09-16 19:45:40,27,30,78,1006,8,SE,0,8,0.0,Smoky haze
2026-09-16 20:01:09,26,29,83,1006,5,SSE,0,55,0.3,Light rain shower
2026-09-16 20:15:38,26,29,83,1006,5,SSE,0,55,0.3,Light rain shower
2026-09-16 20:24:57,26,29,83,1006,5,SSE,0,55,0.3,Light rain shower
2026-09-16 20:31:01,26,29,83,1006,5,SSE,0,55,0.3,Light rain shower
2026-09-16 20:45:38,26,29,83,1006,5,SSE,0,55,0.3,Light rain shower
2026-09-16 21:01:11,26,29,83,1006,5,SSE,0,55,0.3,Light rain shower
2026-09-16 21:15:39,26,29,83,1006,5,SSE,0,55,0.3,Light rain shower
2026-09-16 21:30:57,26,29,87,1006,9,SSW,0,97,0.2,Light rain shower
2026-09-16 21:45:39,26,29,87,1006,9,SSW,0,97,0.2,Light rain shower
2026-09-16 22:01:12,26,29,87,1006,9,SSW,0,97,0.2,Light rain shower
2026-09-16 22:15:43,26,29,87,1006,9,SSW,0,97,0.2,Light rain shower
2026-09-16 22:31:00,26,29,87,1006,9,SSW,0,97,0.2,Light rain shower
2026-09-16 22:45:40,26,29,87,1006,9,SSW,0,97,0.2,Light rain shower
2026-09-16 23:01:11,25,30,88,1006,4,SW,0,83,0.6,Moderate rain at times
2026-09-16 23:14:19,25,30,88,1006,4,SW,0,83,0.6,Moderate rain at times
2026-09-16 23:15:43,25,30,88,1006,4,SW,0,83,0.6,Moderate rain at times
2026-09-16 23:31:00,25,30,88,1006,4,SW,0,83,0.6,Moderate rain at times
2026-09-16 23:45:38,25,30,88,1006,4,SW,0,83,0.6,Moderate rain at times
2026-09-17 00:01:11,25,30,88,1006,4,SW,0,83,0.6,Moderate rain at times
2026-09-17 00:15:42,25,30,88,1006,4,SW,0,83,0.6,Moderate rain at times
2026-09-17 00:30:58,26,29,87,1006,4,SSE,0,4,0.0,Smoky haze
2026-09-17 00:45:42,26,29,87,1006,4,SSE,0,4,0.0,Smoky haze
2026-09-17 01:01:09,26,29,87,1006,4,SSE,0,4,0.0,Smoky haze
2026-09-17 01:15:40,26,29,87,1006,4,SSE,0,4,0.0,Smoky haze
2026-09-17 01:30:55,26,29,87,1006,4,SSE,0,4,0.0,Smoky haze
2026-09-17 01:41:11,26,29,87,1006,4,SSE,0,4,0.0,Smoky haze
2026-09-17 01:45:42,26,29,87,1006,4,SSE,0,4,0.0,Smoky haze
2026-09-17 02:01:09,27,29,80,1008,4,E,1,72,1.2,Patchy rain nearby
2026-09-17 02:15:44,27,29,80,1008,4,E,1,72,1.2,Patchy rain nearby
2026-09-17 02:30:57,27,29,80,1008,4,E,1,72,1.2,Patchy rain nearby
2026-09-17 02:45:40,27,29,80,1008,4,E,1,72,1.2,Patchy rain nearby
2026-09-17 03:01:10,27,29,80,1008,4,E,1,72,1.2,Patchy rain nearby
2026-09-17 03:15:38,27,29,80,1008,4,E,1,72,1.2,Patchy rain nearby
2026-09-17 03:31:20,29,33,70,1009,4,SSW,4,5,0.0,Smoky haze
2026-09-17 03:45:43,29,33,70,1009,4,SSW,4,5,0.0,Smoky haze
2026-09-17 04:01:08,29,33,70,1009,4,SSW,4,5,0.0,Smoky haze
2026-09-17 04:15:43,29,33,70,1009,4,SSW,4,5,0.0,Smoky haze
2026-09-17 04:30:57,29,33,70,1009,4,SSW,4,5,0.0,Smoky haze
2026-09-17 04:45:41,29,33,70,1009,4,SSW,4,5,0.0,Smoky haze
2026-09-17 05:01:09,29,33,70,1009,4,SSW,4,5,0.0,Smoky haze
2026-09-17 05:15:41,30,34,65,1008,6,SW,6,78,2.2,Patchy rain nearby
2026-09-17 05:30:58,30,34,65,1008,6,SW,6,78,2.2,Patchy rain nearby
2026-09-17 05:45:45,30,34,65,1008,6,SW,6,78,2.2,Patchy rain nearby
2026-09-17 06:01:11,30,34,65,1008,6,SW,6,78,2.2,Patchy rain nearby
2026-09-17 06:15:41,30,34,65,1008,6,SW,6,78,2.2,Patchy rain nearby
2026-09-17 06:31:06,30,34,65,1008,6,SW,6,78,2.2,Patchy rain nearby
2026-09-17 06:38:31,30,34,65,1008,6,SW,6,78,2.2,Patchy rain nearby
2026-09-17 06:45:42,32,37,59,1006,7,SW,8,16,0.0,Smoky haze
2026-09-17 07:01:13,32,37,59,1006,7,SW,8,16,0.0,Smoky haze
2026-09-17 07:15:41,32,37,59,1006,7,SW,8,16,0.0,Smoky haze
2026-09-17 07:30:59,32,37,59,1006,7,SW,8,16,0.0,Smoky haze
2026-09-17 07:45:44,32,37,59,1006,7,SW,8,16,0.0,Smoky haze
2026-09-17 08:01:08,32,37,59,1006,7,SW,8,16,0.0,Smoky haze
2026-09-17 08:15:42,32,37,59,1006,7,SW,8,16,0.0,Smoky haze
2026-09-17 08:31:02,33,38,57,1005,8,SW,7,6,0.0,Smoky haze
2026-09-17 08:45:44,33,38,57,1005,8,SW,7,6,0.0,Smoky haze
2026-09-17 09:01:17,33,38,57,1005,8,SW,7,6,0.0,Smoky haze
2026-09-17 09:15:47,33,38,57,1005,8,SW,7,6,0.0,Smoky haze
2026-09-17 09:31:18,33,38,57,1005,8,SW,7,6,0.0,Smoky haze
2026-09-17 09:45:52,33,38,57,1005,8,SW,7,6,0.0,Smoky haze
2026-09-17 10:01:11,33,38,55,1003,10,W,3,7,0.0,Smoky haze
2026-09-17 10:15:45,33,38,55,1003,10,W,3,7,0.0,Smoky haze
2026-09-17 10:31:05,33,38,55,1003,10,W,3,7,0.0,Smoky haze
2026-09-17 10:45:44,33,38,55,1003,10,W,3,7,0.0,Smoky haze
2026-09-17 11:01:13,33,38,55,1003,10,W,3,7,0.0,Smoky haze
2026-09-17 11:15:42,33,38,55,1003,10,W,3,7,0.0,Smoky haze
2026-09-17 11:30:58,33,38,55,1003,10,W,3,7,0.0,Smoky haze
2026-09-17 11:45:43,32,40,68,1003,5,NW,0,5,0.0,Sunny
2026-09-17 12:01:14,32,40,68,1003,5,NW,0,5,0.0,Sunny
2026-09-17 12:04:12,32,40,68,1003,5,NW,0,5,0.0,Sunny
2026-09-17 12:15:40,32,40,68,1003,5,NW,0,5,0.0,Sunny
2026-09-17 12:31:08,32,40,68,1003,5,NW,0,5,0.0,Sunny
2026-09-17 12:45:44,32,40,68,1003,5,NW,0,5,0.0,Sunny
2026-09-17 13:01:11,32,40,68,1003,5,NW,0,5,0.0,Sunny
2026-09-17 13:15:44,31,37,69,1003,5,N,0,5,0.0,Smoky haze
2026-09-17 13:31:01,31,37,69,1003,5,N,0,5,0.0,Smoky haze
2026-09-17 13:45:42,31,37,69,1003,5,N,0,5,0.0,Smoky haze
2026-09-17 14:01:13,31,37,69,1003,5,N,0,5,0.0,Smoky haze
2026-09-17 14:15:45,31,37,69,1003,5,N,0,5,0.0,Smoky haze
2026-09-17 14:31:01,31,37,69,1003,5,N,0,5,0.0,Smoky haze
2026-09-17 14:45:44,29,34,74,1006,9,NNW,0,100,0.0,Thundery outbreaks in nearby
2026-09-17 15:01:14,29,34,74,1006,9,NNW,0,100,0.0,Thundery outbreaks in nearby
2026-09-17 15:15:44,29,34,74,1006,9,NNW,0,100,0.0,Thundery outbreaks in nearby
2026-09-17 15:31:00,29,34,74,1006,9,NNW,0,100,0.0,Thundery outbreaks in nearby
2026-09-17 15:45:42,29,34,74,1006,9,NNW,0,100,0.0,Thundery outbreaks in nearby
2026-09-17 16:01:19,29,34,74,1006,9,NNW,0,100,0.0,Thundery outbreaks in nearby
2026-09-17 16:15:43,29,34,74,1006,9,NNW,0,100,0.0,Thundery outbreaks in nearby
2026-09-17 16:31:03,29,34,76,1006,9,NNW,0,100,0.0,Thundery outbreaks in nearby
2026-09-17 16:45:44,29,34,76,1006,9,NNW,0,100,0.0,Thundery outbreaks in nearby
2026-09-17 17:01:11,29,34,76,1006,9,NNW,0,100,0.0,Thundery outbreaks in nearby
2026-09-17 17:15:29,29,34,76,1006,9,NNW,0,100,0.0,Thundery outbreaks in nearby
2026-09-17 17:15:43,29,34,76,1006,9,NNW,0,100,0.0,Thundery outbreaks in nearby
2026-09-17 17:31:00,29,34,76,1006,9,NNW,0,100,0.0,Thundery outbreaks in nearby
2026-09-17 17:45:43,29,34,76,1006,9,NNW,0,100,0.0,Thundery outbreaks in nearby
2026-09-17 18:01:17,28,31,80,1006,8,NNW,0,96,0.0,Patchy rain nearby
2026-09-17 18:15:46,28,31,80,1006,8,NNW,0,96,0.0,Patchy rain nearby
2026-09-17 18:31:02,28,31,80,1006,8,NNW,0,96,0.0,Patchy rain nearby
2026-09-17 18:45:40,28,31,80,1006,8,NNW,0,96,0.0,Patchy rain nearby
2026-09-17 19:01:12,28,31,80,1006,8,NNW,0,96,0.0,Patchy rain nearby
2026-09-17 19:15:46,28,31,80,1006,8,NNW,0,96,0.0,Patchy rain nearby
2026-09-17 19:31:10,28,31,80,1006,8,NNW,0,96,0.0,Patchy rain nearby
2026-09-17 19:45:43,27,30,85,1006,6,NNE,0,100,0.0,Smoky haze
2026-09-17 20:01:08,27,30,85,1006,6,NNE,0,100,0.0,Smoky haze
2026-09-17 20:15:42,27,30,85,1006,6,NNE,0,100,0.0,Smoky haze
2026-09-17 20:30:58,27,30,85,1006,6,NNE,0,100,0.0,Smoky haze
2026-09-17 20:33:02,27,30,85,1006,6,NNE,0,100,0.0,Smoky haze
2026-09-17 20:45:41,27,30,85,1006,6,NNE,0,100,0.0,Smoky haze
2026-09-17 21:01:07,27,30,85,1006,6,NNE,0,100,0.0,Smoky haze
2026-09-17 21:15:44,26,29,86,1006,7,N,0,100,0.0,Mist
2026-09-17 21:45:42,26,29,86,1006,7,N,0,100,0.0,Mist
2026-09-17 22:01:11,26,29,86,1006,7,N,0,100,0.0,Mist
2026-09-17 22:15:45,26,29,86,1006,7,N,0,100,0.0,Mist
2026-09-17 22:30:57,26,29,86,1006,7,N,0,100,0.0,Mist
2026-09-17 22:45:40,26,29,86,1006,7,NNW,0,53,0.0,Smoky haze
2026-09-17 23:01:11,26,29,86,1006,7,NNW,0,53,0.0,Smoky haze
2026-09-17 23:05:19,26,29,86,1006,7,NNW,0,53,0.0,Smoky haze
2026-09-17 23:15:42,26,29,86,1006,7,NNW,0,53,0.0,Smoky haze
2026-09-17 23:31:00,26,29,86,1006,7,NNW,0,53,0.0,Smoky haze
2026-09-17 23:45:44,26,29,86,1006,7,NNW,0,53,0.0,Smoky haze
2026-09-18 00:01:15,26,29,86,1006,7,NNW,0,53,0.0,Smoky haze
2026-09-18 00:15:44,26,29,86,1007,7,N,0,64,0.0,Smoky haze
2026-09-18 00:30:57,26,29,86,1007,7,N,0,64,0.0,Smoky haze
2026-09-18 00:45:39,26,29,86,1007,7,N,0,64,0.0,Smoky haze
2026-09-18 01:01:08,26,29,86,1007,7,N,0,64,0.0,Smoky haze
2026-09-18 01:15:39,26,29,86,1007,7,N,0,64,0.0,Smoky haze
2026-09-18 01:27:49,26,29,86,1007,7,N,0,64,0.0,Smoky haze
2026-09-18 01:31:01,26,29,86,1007,7,N,0,64,0.0,Smoky haze
2026-09-18 01:45:43,25,28,80,1008,5,NNW,1,5,0.0,Smoky haze
2026-09-18 02:01:10,25,28,80,1008,5,NNW,1,5,0.0,Smoky haze
2026-09-18 02:15:46,25,28,80,1008,5,NNW,1,5,0.0,Smoky haze
2026-09-18 02:30:57,25,28,80,1008,5,NNW,1,5,0.0,Smoky haze
2026-09-18 02:45:44,25,28,80,1008,5,NNW,1,5,0.0,Smoky haze
2026-09-18 03:01:15,25,28,80,1008,5,NNW,1,5,0.0,Smoky haze
2026-09-18 03:15:43,26,28,72,1009,9,WNW,2,5,0.0,Smoky haze
2026-09-18 03:30:56,26,28,72,1009,9,WNW,2,5,0.0,Smoky haze
2026-09-18 03:45:43,26,28,72,1009,9,WNW,2,5,0.0,Smoky haze
2026-09-18 04:01:09,26,28,72,1009,9,WNW,2,5,0.0,Smoky haze
2026-09-18 04:15:43,26,28,72,1009,9,WNW,2,5,0.0,Smoky haze
2026-09-18 04:31:06,26,28,72,1009,9,WNW,2,5,0.0,Smoky haze
2026-09-18 04:45:44,29,31,61,1010,11,WNW,6,84,0.0,Smoky haze
2026-09-18 05:01:16,29,31,61,1010,11,WNW,6,84,0.0,Smoky haze
2026-09-18 05:15:44,29,31,61,1010,11,WNW,6,84,0.0,Smoky haze
2026-09-18 05:30:57,29,31,61,1010,11,WNW,6,84,0.0,Smoky haze
2026-09-18 05:45:42,29,31,61,1010,11,WNW,6,84,0.0,Smoky haze
2026-09-18 06:01:14,29,31,61,1010,11,WNW,6,84,0.0,Smoky haze
2026-09-18 06:15:42,29,31,61,1010,11,WNW,6,84,0.0,Smoky haze
2026-09-18 06:30:59,30,32,57,1009,12,WNW,7,90,0.0,Smoky haze
2026-09-18 06:38:13,30,32,57,1009,12,WNW,7,90,0.0,Smoky haze
2026-09-18 06:45:47,30,32,57,1009,12,WNW,7,90,0.0,Smoky haze
2026-09-18 07:01:16,30,32,57,1009,12,WNW,7,90,0.0,Smoky haze
2026-09-18 07:15:47,30,32,57,1009,12,WNW,7,90,0.0,Smoky haze
2026-09-18 07:31:02,30,32,57,1009,12,WNW,7,90,0.0,Smoky haze
2026-09-18 07:45:40,30,32,57,1009,12,WNW,7,90,0.0,Smoky haze
2026-09-18 08:01:11,32,36,59,1006,14,WNW,6,67,0.0,Smoky haze
2026-09-18 08:15:40,32,36,59,1006,14,WNW,6,67,0.0,Smoky haze
2026-09-18 08:30:59,32,36,59,1006,14,WNW,6,67,0.0,Smoky haze
2026-09-18 08:45:39,32,36,59,1006,14,WNW,6,67,0.0,Smoky haze
2026-09-18 09:01:15,32,36,59,1006,14,WNW,6,67,0.0,Smoky haze
2026-09-18 09:15:43,32,36,59,1006,14,WNW,6,67,0.0,Smoky haze
2026-09-18 09:30:59,32,36,58,1005,13,WNW,5,2,0.0,Smoky haze
2026-09-18 09:45:45,32,36,58,1005,13,WNW,5,2,0.0,Smoky haze
2026-09-18 10:01:14,32,36,58,1005,13,WNW,5,2,0.0,Smoky haze
2026-09-18 10:15:39,32,36,58,1005,13,WNW,5,2,0.0,Smoky haze
2026-09-18 10:30:59,32,36,58,1005,13,WNW,5,2,0.0,Smoky haze
2026-09-18 10:45:44,32,36,58,1005,13,WNW,5,2,0.0,Smoky haze
2026-09-18 11:01:13,31,37,64,1005,10,WNW,1,96,0.0,Thundery outbreaks in nearby
2026-09-18 11:15:40,31,37,64,1005,10,WNW,1,96,0.0,Thundery outbreaks in nearby
2026-09-18 11:31:03,31,37,64,1005,10,WNW,1,96,0.0,Thundery outbreaks in nearby
2026-09-18 11:45:42,31,37,64,1005,10,WNW,1,96,0.0,Thundery outbreaks in nearby
2026-09-18 11:48:03,31,37,64,1005,10,WNW,1,96,0.0,Thundery outbreaks in nearby
2026-09-18 12:01:12,31,37,64,1005,10,WNW,1,96,0.0,Thundery outbreaks in nearby
2026-09-18 12:15:40,31,37,64,1005,10,WNW,1,96,0.0,Thundery outbreaks in nearby
2026-09-18 12:30:56,31,37,64,1005,10,WNW,1,96,0.0,Thundery outbreaks in nearby
2026-09-18 12:45:40,30,36,71,1005,6,WNW,0,20,0.0,Smoky haze
2026-09-18 13:01:13,30,36,71,1005,6,WNW,0,20,0.0,Smoky haze
2026-09-18 13:15:46,30,36,71,1005,6,WNW,0,20,0.0,Smoky haze
2026-09-18 13:30:57,30,36,71,1005,6,WNW,0,20,0.0,Smoky haze
2026-09-18 13:45:42,30,36,71,1005,6,WNW,0,20,0.0,Smoky haze
2026-09-18 14:01:14,30,36,71,1005,6,WNW,0,20,0.0,Smoky haze
2026-09-18 14:15:44,28,31,68,1007,7,N,0,100,0.0,Smoky haze
2026-09-18 14:31:08,28,31,68,1007,7,N,0,100,0.0,Smoky haze
2026-09-18 14:45:42,28,31,68,1007,7,N,0,100,0.0,Smoky haze
2026-09-18 15:01:20,28,31,68,1007,7,N,0,100,0.0,Smoky haze
2026-09-18 15:15:41,28,31,68,1007,7,N,0,100,0.0,Smoky haze
2026-09-18 15:31:17,28,31,68,1007,7,N,0,100,0.0,Smoky haze
2026-09-18 15:45:38,28,31,68,1008,4,NE,0,100,0.0,Smoky haze
2026-09-18 16:01:17,28,31,68,1008,4,NE,0,100,0.0,Smoky haze
2026-09-18 16:15:41,28,31,68,1008,4,NE,0,100,0.0,Smoky haze
2026-09-18 16:31:00,28,31,68,1008,4,NE,0,100,0.0,Smoky haze
2026-09-18 16:42:45,28,31,68,1008,4,NE,0,100,0.0,Smoky haze
2026-09-18 16:45:43,28,31,68,1008,4,NE,0,100,0.0,Smoky haze
2026-09-18 17:01:17,28,31,68,1008,4,NE,0,100,0.0,Smoky haze
2026-09-18 17:15:39,28,30,69,1008,4,ENE,0,100,0.0,Smoky haze
2026-09-18 17:31:04,28,30,69,1008,4,ENE,0,100,0.0,Smoky haze
2026-09-18 17:45:46,28,30,69,1008,4,ENE,0,100,0.0,Smoky haze
2026-09-18 18:01:14,28,30,69,1008,4,ENE,0,100,0.0,Smoky haze
2026-09-18 18:15:47,28,30,69,1008,4,ENE,0,100,0.0,Smoky haze
2026-09-18 18:31:00,28,30,69,1008,4,ENE,0,100,0.0,Smoky haze
2026-09-18 18:45:40,27,29,74,1008,5,SSE,0,50,0.0,Smoky haze
2026-09-18 19:01:14,27,29,74,1008,5,SSE,0,50,0.0,Smoky haze
2026-09-18 19:12:07,27,29,74,1008,5,SSE,0,50,0.0,Smoky haze
2026-09-18 19:15:45,27,29,74,1008,5,SSE,0,50,0.0,Smoky haze
2026-09-18 19:30:58,27,29,74,1008,5,SSE,0,50,0.0,Smoky haze
2026-09-18 19:45:47,27,29,74,1008,5,SSE,0,50,0.0,Smoky haze
2026-09-18 20:01:20,27,29,74,1008,5,SSE,0,50,0.0,Smoky haze
2026-09-18 20:15:40,26,29,73,1009,4,N,0,77,0.0,Smoky haze
2026-09-18 20:31:01,26,29,73,1009,4,N,0,77,0.0,Smoky haze
2026-09-18 20:45:45,26,29,73,1009,4,N,0,77,0.0,Smoky haze
2026-09-18 21:01:13,26,29,73,1009,4,N,0,77,0.0,Smoky haze
2026-09-18 21:15:39,26,29,73,1009,4,N,0,77,0.0,Smoky haze
2026-09-18 21:31:03,26,29,73,1009,4,N,0,77,0.0,Smoky haze
2026-09-18 21:45:42,25,28,76,1009,5,NNE,0,58,0.0,Smoky haze
2026-09-18 21:50:52,25,28,76,1009,5,NNE,0,58,0.0,Smoky haze
2026-09-18 22:01:15,25,28,76,1009,5,NNE,0,58,0.0,Smoky haze
2026-09-18 22:15:48,25,28,76,1009,5,NNE,0,58,0.0,Smoky haze
2026-09-18 22:30:55,25,28,76,1009,5,NNE,0,58,0.0,Smoky haze
2026-09-18 22:45:42,25,28,76,1009,5,NNE,0,58,0.0,Smoky haze
2026-09-18 23:01:09,25,28,76,1009,5,NNE,0,58,0.0,Smoky haze
2026-09-18 23:15:40,25,28,77,1009,7,NNE,0,3,0.0,Smoky haze
2026-09-18 23:31:00,25,28,77,1009,7,NNE,0,3,0.0,Smoky haze
2026-09-18 23:45:42,25,28,77,1009,7,NNE,0,3,0.0,Smoky haze
2026-09-19 00:01:14,25,28,77,1009,7,NNE,0,3,0.0,Smoky haze
2026-09-19 00:15:40,25,28,77,1009,7,NNE,0,3,0.0,Smoky haze
2026-09-19 00:31:17,25,28,77,1009,7,NNE,0,3,0.0,Smoky haze
2026-09-19 00:37:02,25,28,77,1009,7,NNE,0,3,0.0,Smoky haze
2026-09-19 00:45:42,25,27,82,1010,8,NNE,0,2,0.0,Smoky haze
2026-09-19 01:01:11,25,27,82,1010,8,NNE,0,2,0.0,Smoky haze
2026-09-19 01:15:45,25,27,82,1010,8,NNE,0,2,0.0,Smoky haze
2026-09-19 01:30:58,25,27,82,1010,8,NNE,0,2,0.0,Smoky haze
2026-09-19 01:45:37,25,27,82,1010,8,NNE,0,2,0.0,Smoky haze
2026-09-19 02:01:15,25,27,82,1010,8,NNE,0,2,0.0,Smoky haze
2026-09-19 02:15:46,25,28,77,1011,6,NE,1,4,0.0,Smoky haze
2026-09-19 02:30:55,25,28,77,1011,6,NE,1,4,0.0,Smoky haze
2026-09-19 02:45:42,25,28,77,1011,6,NE,1,4,0.0,Smoky haze
2026-09-19 03:01:13,25,28,77,1011,6,NE,1,4,0.0,Smoky haze
2026-09-19 03:15:39,25,28,77,1011,6,NE,1,4,0.0,Smoky haze
2026-09-19 03:30:55,25,28,77,1011,6,NE,1,4,0.0,Smoky haze
2026-09-19 03:45:42,28,30,65,1012,4,E,4,0,0.0,Smoky haze
2026-09-19 04:01:12,28,30,65,1012,4,E,4,0,0.0,Smoky haze
2026-09-19 04:15:40,28,30,65,1012,4,E,4,0,0.0,Smoky haze
2026-09-19 04:31:00,28,30,65,1012,4,E,4,0,0.0,Smoky haze
2026-09-19 04:45:40,28,30,65,1012,4,E,4,0,0.0,Smoky haze
2026-09-19 05:01:11,28,30,65,1012,4,E,4,0,0.0,Smoky haze
2026-09-19 05:02:00,28,30,65,1012,4,E,4,0,0.0,Smoky haze
2026-09-19 05:15:39,29,31,59,1012,4,E,6,0,0.0,Smoky haze
2026-09-19 05:30:58,29,31,59,1012,4,E,6,0,0.0,Smoky haze
2026-09-19 05:45:40,29,31,59,1012,4,E,6,0,0.0,Smoky haze
2026-09-19 06:01:15,29,31,59,1012,4,E,6,0,0.0,Smoky haze
2026-09-19 06:15:42,29,31,59,1012,4,E,6,0,0.0,Smoky haze
2026-09-19 06:30:59,29,31,59,1012,4,E,6,0,0.0,Smoky haze
2026-09-19 06:45:40,32,36,54,1010,4,SSE,8,5,0.0,Smoky haze
2026-09-19 07:01:11,32,36,54,1010,4,SSE,8,5,0.0,Smoky haze
2026-09-19 07:15:41,32,36,54,1010,4,SSE,8,5,0.0,Smoky haze
2026-09-19 07:30:57,32,36,54,1010,4,SSE,8,5,0.0,Smoky haze
2026-09-19 07:45:43,32,36,54,1010,4,SSE,8,5,0.0,Smoky haze
2026-09-19 08:01:12,32,36,54,1010,4,SSE,8,5,0.0,Smoky haze
2026-09-19 08:15:40,32,36,54,1010,4,SSE,8,5,0.0,Smoky haze
2026-09-19 08:30:57,33,36,52,1009,4,SSW,7,1,0.0,Smoky haze
2026-09-19 08:45:44,33,36,52,1009,4,SSW,7,1,0.0,Smoky haze
2026-09-19 09:01:15,33,36,52,1009,4,SSW,7,1,0.0,Smoky haze
2026-09-19 09:15:42,33,36,52,1009,4,SSW,7,1,0.0,Smoky haze
2026-09-19 09:31:33,33,36,52,1009,4,SSW,7,1,0.0,Smoky haze
2026-09-19 09:42:36,33,36,52,1009,4,SSW,7,1,0.0,Smoky haze
2026-09-19 09:45:39,33,36,52,1009,4,SSW,7,1,0.0,Smoky haze
2026-09-19 10:01:18,33,36,49,1007,4,W,3,2,0.0,Smoky haze
2026-09-19 10:15:43,33,36,49,1007,4,W,3,2,0.0,Smoky haze
2026-09-19 10:30:57,33,36,49,1007,4,W,3,2,0.0,Smoky haze
2026-09-19 10:45:44,33,36,49,1007,4,W,3,2,0.0,Smoky haze
2026-09-19 11:01:10,33,36,49,1007,4,W,3,2,0.0,Smoky haze
2026-09-19 11:15:41,33,36,49,1007,4,W,3,2,0.0,Smoky haze
2026-09-19 11:30:58,33,36,51,1008,4,SW,1,10,0.0,Smoky haze
2026-09-19 11:45:39,33,36,51,1008,4,SW,1,10,0.0,Smoky haze
2026-09-19 12:01:11,33,36,51,1008,4,SW,1,10,0.0,Smoky haze
2026-09-19 12:15:40,33,36,51,1008,4,SW,1,10,0.0,Smoky haze
2026-09-19 12:30:59,33,36,51,1008,4,SW,1,10,0.0,Smoky haze
2026-09-19 12:45:41,33,36,51,1008,4,SW,1,10,0.0,Smoky haze
2026-09-19 13:01:16,31,34,61,1008,5,ESE,0,0,0.0,Smoky haze
2026-09-19 13:15:44,31,34,61,1008,5,ESE,0,0,0.0,Smoky haze
2026-09-19 13:24:49,31,34,61,1008,5,ESE,0,0,0.0,Smoky haze
2026-09-19 13:30:56,31,34,61,1008,5,ESE,0,0,0.0,Smoky haze
2026-09-19 13:45:45,31,34,61,1008,5,ESE,0,0,0.0,Smoky haze
2026-09-19 14:01:12,31,34,61,1008,5,ESE,0,0,0.0,Smoky haze
2026-09-19 14:15:39,31,34,61,1008,5,ESE,0,0,0.0,Smoky haze
2026-09-19 14:31:02,28,31,69,1010,7,NE,0,0,0.0,Smoky haze
2026-09-19 14:45:40,28,31,69,1010,7,NE,0,0,0.0,Smoky haze
2026-09-19 15:01:16,28,31,69,1010,7,NE,0,0,0.0,Smoky haze
2026-09-19 15:15:42,28,31,69,1010,7,NE,0,0,0.0,Smoky haze
2026-09-19 15:30:55,28,31,69,1010,7,NE,0,0,0.0,Smoky haze
2026-09-19 15:45:42,28,31,69,1010,7,NE,0,0,0.0,Smoky haze
2026-09-19 16:01:13,28,30,71,1011,5,NE,0,0,0.0,Smoky haze
2026-09-19 16:15:38,28,30,71,1011,5,NE,0,0,0.0,Smoky haze
2026-09-19 16:30:59,28,30,71,1011,5,NE,0,0,0.0,Smoky haze
2026-09-19 16:45:39,28,30,71,1011,5,NE,0,0,0.0,Smoky haze
2026-09-19 16:47:43,28,30,71,1011,5,NE,0,0,0.0,Smoky haze
2026-09-19 17:01:16,28,30,71,1011,5,NE,0,0,0.0,Smoky haze
2026-09-19 17:15:43,28,30,71,1011,5,NE,0,0,0.0,Smoky haze
2026-09-19 17:30:59,27,30,71,1011,5,ENE,0,0,0.0,Smoky haze
2026-09-19 17:45:42,27,30,71,1011,5,ENE,0,0,0.0,Smoky haze
2026-09-19 18:01:10,27,30,71,1011,5,ENE,0,0,0.0,Smoky haze
2026-09-19 18:15:40,27,30,71,1011,5,ENE,0,0,0.0,Smoky haze
2026-09-19 18:31:02,27,30,71,1011,5,ENE,0,0,0.0,Smoky haze
2026-09-19 18:45:41,27,30,71,1011,5,ENE,0,0,0.0,Smoky haze
2026-09-19 19:01:14,26,28,76,1011,7,ENE,0,0,0.0,Smoky haze
2026-09-19 19:15:39,26,28,76,1011,7,ENE,0,0,0.0,Smoky haze
2026-09-19 19:31:02,26,28,76,1011,7,ENE,0,0,0.0,Smoky haze
2026-09-19 19:35:20,26,28,76,1011,7,ENE,0,0,0.0,Smoky haze
2026-09-19 19:45:38,26,28,76,1011,7,ENE,0,0,0.0,Smoky haze
2026-09-19 20:01:12,26,28,76,1011,7,ENE,0,0,0.0,Smoky haze
2026-09-19 20:15:41,26,28,76,1011,7,ENE,0,0,0.0,Smoky haze
2026-09-19 20:31:01,26,28,75,1011,5,E,0,0,0.0,Smoky haze
2026-09-19 20:45:39,26,28,75,1011,5,E,0,0,0.0,Smoky haze
2026-09-19 21:01:09,26,28,75,1011,5,E,0,0,0.0,Smoky haze
2026-09-19 21:15:41,26,28,75,1011,5,E,0,0,0.0,Smoky haze
2026-09-19 21:30:57,26,28,75,1011,5,E,0,0,0.0,Smoky haze
2026-09-19 21:44:33,26,28,75,1011,5,E,0,0,0.0,Smoky haze
2026-09-19 21:45:40,26,28,75,1011,5,E,0,0,0.0,Smoky haze
2026-09-19 22:01:14,25,28,77,1011,5,ENE,0,0,0.0,Smoky haze
2026-09-19 22:15:42,25,28,77,1011,5,ENE,0,0,0.0,Smoky haze
2026-09-19 22:30:54,25,28,77,1011,5,ENE,0,0,0.0,Smoky haze
2026-09-19 22:45:37,25,28,77,1011,5,ENE,0,0,0.0,Smoky haze
2026-09-19 23:01:09,25,28,77,1011,5,ENE,0,0,0.0,Smoky haze
2026-09-19 23:15:38,25,28,77,1011,5,ENE,0,0,0.0,Smoky haze
2026-09-19 23:30:53,25,28,77,1011,5,ENE,0,0,0.0,Smoky haze
2026-09-19 23:35:13,25,28,80,1012,6,NE,0,0,0.0,Smoky haze
2026-09-19 23:45:39,25,28,80,1012,6,NE,0,0,0.0,Smoky haze
2026-09-20 00:01:11,25,28,80,1012,6,NE,0,0,0.0,Smoky haze
2026-09-20 00:15:39,25,28,80,1012,6,NE,0,0,0.0,Smoky haze
2026-09-20 00:30:55,25,28,80,1012,6,NE,0,0,0.0,Smoky haze
2026-09-20 00:45:39,25,28,80,1012,6,NE,0,0,0.0,Smoky haze
2026-09-20 01:01:16,25,28,80,1012,6,NE,0,0,0.0,Smoky haze
2026-09-20 01:15:37,25,28,82,1012,6,NE,0,0,0.0,Smoky haze
2026-09-20 01:30:54,25,28,82,1012,6,NE,0,0,0.0,Smoky haze
2026-09-20 01:37:21,25,28,82,1012,6,NE,0,0,0.0,Smoky haze
2026-09-20 01:45:36,25,28,82,1012,6,NE,0,0,0.0,Smoky haze
2026-09-20 02:01:09,25,28,82,1012,6,NE,0,0,0.0,Smoky haze
2026-09-20 02:15:51,25,28,82,1012,6,NE,0,0,0.0,Smoky haze
2026-09-20 02:30:56,25,28,82,1012,6,NE,0,0,0.0,Smoky haze
2026-09-20 02:45:40,26,29,72,1014,5,ENE,2,2,0.0,Smoky haze
2026-09-20 03:01:13,26,29,72,1014,5,ENE,2,2,0.0,Smoky haze
2026-09-20 03:15:40,26,29,72,1014,5,ENE,2,2,0.0,Smoky haze
2026-09-20 03:30:58,26,29,72,1014,5,ENE,2,2,0.0,Smoky haze
2026-09-20 03:45:42,26,29,72,1014,5,ENE,2,2,0.0,Smoky haze
2026-09-20 04:01:14,26,29,72,1014,5,ENE,2,2,0.0,Smoky haze
2026-09-20 04:15:44,28,30,66,1014,4,ENE,4,2,0.0,Smoky haze
2026-09-20 04:30:59,28,30,66,1014,4,ENE,4,2,0.0,Smoky haze
2026-09-20 04:46:14,28,30,66,1014,4,ENE,4,2,0.0,Smoky haze
2026-09-20 05:01:10,28,30,66,1014,4,ENE,4,2,0.0,Smoky haze
2026-09-20 05:15:42,28,30,66,1014,4,ENE,4,2,0.0,Smoky haze
2026-09-20 05:30:57,28,30,66,1014,4,ENE,4,2,0.0,Smoky haze
2026-09-20 05:45:38,28,30,66,1014,4,ENE,4,2,0.0,Smoky haze
2026-09-20 06:01:17,31,33,55,1014,4,ESE,8,2,0.0,Smoky haze
2026-09-20 06:15:45,31,33,55,1014,4,ESE,8,2,0.0,Smoky haze
2026-09-20 06:31:02,31,33,55,1014,4,ESE,8,2,0.0,Smoky haze
2026-09-20 06:45:41,31,33,55,1014,4,ESE,8,2,0.0,Smoky haze
2026-09-20 06:59:28,31,33,55,1014,4,ESE,8,2,0.0,Smoky haze
2026-09-20 07:01:09,31,33,55,1014,4,ESE,8,2,0.0,Smoky haze
2026-09-20 07:15:44,31,33,55,1014,4,ESE,8,2,0.0,Smoky haze
2026-09-20 07:31:01,31,33,55,1014,4,ESE,8,2,0.0,Smoky haze
2026-09-20 07:45:41,32,35,51,1012,4,N,8,0,0.0,Smoky haze
2026-09-20 08:01:11,32,35,51,1012,4,N,8,0,0.0,Smoky haze
2026-09-20 08:15:41,32,35,51,1012,4,N,8,0,0.0,Smoky haze
2026-09-20 08:30:57,32,35,51,1012,4,N,8,0,0.0,Smoky haze
2026-09-20 08:45:39,32,35,51,1012,4,N,8,0,0.0,Smoky haze
2026-09-20 09:01:07,32,35,51,1012,4,N,8,0,0.0,Smoky haze
2026-09-20 09:15:42,33,35,48,1010,6,NW,5,1,0.0,Smoky haze
2026-09-20 09:30:55,33,35,48,1010,6,NW,5,1,0.0,Smoky haze
2026-09-20 09:45:38,33,35,48,1010,6,NW,5,1,0.0,Smoky haze
2026-09-20 10:01:10,33,35,48,1010,6,NW,5,1,0.0,Smoky haze
2026-09-20 10:15:39,33,35,48,1010,6,NW,5,1,0.0,Smoky haze
2026-09-20 10:30:57,33,35,48,1010,6,NW,5,1,0.0,Smoky haze
2026-09-20 10:45:41,32,36,55,1009,6,NNW,1,0,0.0,Smoky haze
2026-09-20 11:01:07,32,36,55,1009,6,NNW,1,0,0.0,Smoky haze
2026-09-20 11:15:43,32,36,55,1009,6,NNW,1,0,0.0,Smoky haze
2026-09-20 11:30:57,32,36,55,1009,6,NNW,1,0,0.0,Smoky haze
2026-09-20 11:45:41,32,36,55,1009,6,NNW,1,0,0.0,Smoky haze
2026-09-20 12:01:13,32,36,55,1009,6,NNW,1,0,0.0,Smoky haze
2026-09-20 12:15:39,32,36,55,1009,6,NNW,1,0,0.0,Smoky haze
2026-09-20 12:31:00,31,36,63,1009,6,NNW,0,0,0.0,Smoky haze
2026-09-20 12:36:57,31,36,63,1009,6,NNW,0,0,0.0,Smoky haze
2026-09-20 12:45:42,31,36,63,1009,6,NNW,0,0,0.0,Smoky haze
2026-09-20 13:01:09,31,36,63,1009,6,NNW,0,0,0.0,Smoky haze
2026-09-20 13:15:40,31,36,63,1009,6,NNW,0,0,0.0,Smoky haze
2026-09-20 13:30:54,31,36,63,1009,6,NNW,0,0,0.0,Smoky haze
2026-09-20 13:45:38,31,36,63,1009,6,NNW,0,0,0.0,Smoky haze
2026-09-20 14:01:08,29,32,64,1010,5,N,0,0,0.0,Smoky haze
2026-09-20 14:15:40,29,32,64,1010,5,N,0,0,0.0,Smoky haze
2026-09-20 14:30:55,29,32,64,1010,5,N,0,0,0.0,Smoky haze
2026-09-20 14:45:39,29,32,64,1010,5,N,0,0,0.0,Smoky haze
2026-09-20 15:01:10,29,32,64,1010,5,N,0,0,0.0,Smoky haze
2026-09-20 15:15:39,29,32,64,1010,5,N,0,0,0.0,Smoky haze
2026-09-20 15:30:59,28,31,66,1011,5,NNE,0,2,0.0,Smoky haze
2026-09-20 15:45:45,28,31,66,1011,5,NNE,0,2,0.0,Smoky haze
2026-09-20 16:01:14,28,31,66,1011,5,NNE,0,2,0.0,Smoky haze
2026-09-20 16:15:39,28,31,66,1011,5,NNE,0,2,0.0,Smoky haze
2026-09-20 16:28:20,28,31,66,1011,5,NNE,0,2,0.0,Smoky haze
2026-09-20 16:30:59,28,31,66,1011,5,NNE,0,2,0.0,Smoky haze
2026-09-20 16:45:42,28,31,66,1011,5,NNE,0,2,0.0,Smoky haze
2026-09-20 17:01:09,28,30,69,1012,4,NE,0,5,0.0,Smoky haze
2026-09-20 17:15:40,28,30,69,1012,4,NE,0,5,0.0,Smoky haze
2026-09-20 17:31:04,28,30,69,1012,4,NE,0,5,0.0,Smoky haze
2026-09-20 17:45:39,28,30,69,1012,4,NE,0,5,0.0,Smoky haze
2026-09-20 18:01:10,28,30,69,1012,4,NE,0,5,0.0,Smoky haze
2026-09-20 18:15:39,28,30,69,1012,4,NE,0,5,0.0,Smoky haze
2026-09-20 18:30:58,28,30,70,1011,4,ENE,0,5,0.0,Smoky haze
2026-09-20 18:45:42,28,30,70,1011,4,ENE,0,5,0.0,Smoky haze
2026-09-20 19:01:09,28,30,70,1011,4,ENE,0,5,0.0,Smoky haze
2026-09-20 19:02:28,28,30,70,1011,4,ENE,0,5,0.0,Smoky haze
2026-09-20 19:15:37,28,30,70,1011,4,ENE,0,5,0.0,Smoky haze
2026-09-20 19:30:59,28,30,70,1011,4,ENE,0,5,0.0,Smoky haze
2026-09-20 19:45:38,28,30,70,1011,4,ENE,0,5,0.0,Smoky haze
2026-09-20 20:01:14,27,29,72,1011,5,NE,0,1,0.0,Smoky haze
2026-09-20 20:15:41,27,29,72,1011,5,NE,0,1,0.0,Smoky haze
2026-09-20 20:30:57,27,29,72,1011,5,NE,0,1,0.0,Smoky haze
2026-09-20 20:45:39,27,29,72,1011,5,NE,0,1,0.0,Smoky haze
2026-09-20 21:01:09,27,29,72,1011,5,NE,0,1,0.0,Smoky haze
2026-09-20 21:15:42,27,29,72,1011,5,NE,0,1,0.0,Smoky haze
2026-09-20 21:31:05,27,29,72,1011,5,NE,0,1,0.0,Smoky haze
2026-09-20 21:45:38,26,28,77,1010,6,NE,0,1,0.0,Smoky haze
2026-09-20 21:48:20,26,28,77,1010,6,NE,0,1,0.0,Smoky haze
2026-09-20 22:01:13,26,28,77,1010,6,NE,0,1,0.0,Smoky haze
2026-09-20 22:15:43,26,28,77,1010,6,NE,0,1,0.0,Smoky haze
2026-09-20 22:30:53,26,28,77,1010,6,NE,0,1,0.0,Smoky haze
2026-09-20 22:45:37,26,28,77,1010,6,NE,0,1,0.0,Smoky haze
2026-09-20 23:01:07,26,28,77,1010,6,NE,0,1,0.0,Smoky haze
2026-09-20 23:15:38,26,28,78,1010,6,NE,0,3,0.0,Smoky haze
2026-09-20 23:30:55,26,28,78,1010,6,NE,0,3,0.0,Smoky haze
2026-09-20 23:45:40,26,28,78,1010,6,NE,0,3,0.0,Smoky haze
2026-09-21 00:01:13,26,28,78,1010,6,NE,0,3,0.0,Smoky haze
2026-09-21 00:15:45,26,28,78,1010,6,NE,0,3,0.0,Smoky haze
2026-09-21 00:29:23,26,28,78,1010,6,NE,0,3,0.0,Smoky haze
2026-09-21 00:30:57,26,28,78,1010,6,NE,0,3,0.0,Smoky haze
2026-09-21 00:45:40,26,29,82,1011,5,NE,0,5,0.0,Smoky haze
2026-09-21 01:01:12,26,29,82,1011,5,NE,0,5,0.0,Smoky haze
2026-09-21 01:15:40,26,29,82,1011,5,NE,0,5,0.0,Smoky haze
2026-09-21 01:30:58,26,29,82,1011,5,NE,0,5,0.0,Smoky haze
2026-09-21 01:45:38,26,29,82,1011,5,NE,0,5,0.0,Smoky haze
2026-09-21 02:01:10,26,29,82,1011,5,NE,0,5,0.0,Smoky haze
2026-09-21 02:15:44,26,28,76,1011,4,NE,1,5,0.0,Smoky haze
2026-09-21 02:31:01,26,28,76,1011,4,NE,1,5,0.0,Smoky haze
2026-09-21 02:45:44,26,28,76,1011,4,NE,1,5,0.0,Smoky haze
2026-09-21 03:01:13,26,28,76,1011,4,NE,1,5,0.0,Smoky haze
2026-09-21 03:15:47,26,28,76,1011,4,NE,1,5,0.0,Smoky haze
2026-09-21 03:31:00,26,28,76,1011,4,NE,1,5,0.0,Smoky haze
2026-09-21 03:45:40,26,28,76,1011,4,NE,1,5,0.0,Smoky haze
2026-09-21 04:01:14,29,31,64,1011,4,NNE,4,5,0.0,Sunny
2026-09-21 04:15:42,29,31,64,1011,4,NNE,4,5,0.0,Sunny
2026-09-21 04:30:59,29,31,64,1011,4,NNE,4,5,0.0,Sunny
2026-09-21 04:45:40,29,31,64,1011,4,NNE,4,5,0.0,Sunny
2026-09-21 05:01:15,29,31,64,1011,4,NNE,4,5,0.0,Sunny
2026-09-21 05:15:40,29,31,64,1011,4,NNE,4,5,0.0,Sunny
2026-09-21 05:28:01,29,31,64,1011,4,NNE,4,5,0.0,Sunny
2026-09-21 05:31:00,29,31,64,1011,4,NNE,4,5,0.0,Sunny
2026-09-21 05:45:41,31,34,53,1011,4,WNW,8,5,0.0,Sunny
2026-09-21 06:01:12,31,34,53,1011,4,WNW,8,5,0.0,Sunny
2026-09-21 06:15:45,31,34,53,1011,4,WNW,8,5,0.0,Sunny
2026-09-21 06:30:59,31,34,53,1011,4,WNW,8,5,0.0,Sunny
2026-09-21 06:46:19,31,34,53,1011,4,WNW,8,5,0.0,Sunny
2026-09-21 07:01:17,31,34,53,1011,4,WNW,8,5,0.0,Sunny
2026-09-21 07:15:50,32,35,52,1009,8,NW,8,3,0.0,Sunny
2026-09-21 07:31:03,32,35,52,1009,8,NW,8,3,0.0,Sunny
2026-09-21 07:45:39,32,35,52,1009,8,NW,8,3,0.0,Sunny
2026-09-21 08:01:16,32,35,52,1009,8,NW,8,3,0.0,Sunny
2026-09-21 08:15:43,32,35,52,1009,8,NW,8,3,0.0,Sunny
2026-09-21 08:31:14,32,35,52,1009,8,NW,8,3,0.0,Sunny
2026-09-21 08:45:44,32,35,52,1009,8,NW,8,3,0.0,Sunny
2026-09-21 09:01:15,33,35,48,1007,9,NW,5,0,0.0,Sunny
2026-09-21 09:15:45,33,35,48,1007,9,NW,5,0,0.0,Sunny
2026-09-21 09:31:01,33,35,48,1007,9,NW,5,0,0.0,Sunny
2026-09-21 09:45:42,33,35,48,1007,9,NW,5,0,0.0,Sunny
2026-09-21 10:01:17,33,35,48,1007,9,NW,5,0,0.0,Sunny
2026-09-21 10:15:42,33,35,48,1007,9,NW,5,0,0.0,Sunny
2026-09-21 10:31:04,33,35,48,1007,9,NW,5,0,0.0,Sunny
2026-09-21 10:45:44,32,36,56,1006,8,NW,1,0,0.0,Sunny
2026-09-21 11:01:14,32,36,56,1006,8,NW,1,0,0.0,Sunny
2026-09-21 11:05:15,32,36,56,1006,8,NW,1,0,0.0,Sunny
2026-09-21 11:15:43,32,36,56,1006,8,NW,1,0,0.0,Sunny
2026-09-21 11:31:01,32,36,56,1006,8,NW,1,0,0.0,Sunny
2026-09-21 11:45:45,32,36,56,1006,8,NW,1,0,0.0,Sunny
2026-09-21 12:01:16,32,36,56,1006,8,NW,1,0,0.0,Sunny
2026-09-21 12:15:39,32,36,56,1006,8,NW,1,0,0.0,Sunny
2026-09-21 12:31:00,31,37,64,1006,8,NNW,0,0,0.0,Sunny
2026-09-21 12:45:47,31,37,64,1006,8,NNW,0,0,0.0,Sunny
2026-09-21 13:01:17,31,37,64,1006,8,NNW,0,0,0.0,Sunny
2026-09-21 13:15:48,31,37,64,1006,8,NNW,0,0,0.0,Sunny
2026-09-21 13:31:04,31,37,64,1006,8,NNW,0,0,0.0,Sunny
2026-09-21 13:45:43,31,37,64,1006,8,NNW,0,0,0.0,Sunny
2026-09-21 14:01:32,29,32,65,1008,5,E,0,0,0.0,Smoky haze
2026-09-21 14:15:42,29,32,65,1008,5,E,0,0,0.0,Smoky haze
2026-09-21 14:31:10,29,32,65,1008,5,E,0,0,0.0,Smoky haze
2026-09-21 14:45:44,29,32,65,1008,5,E,0,0,0.0,Smoky haze
2026-09-21 15:01:20,29,32,65,1008,5,E,0,0,0.0,Smoky haze
2026-09-21 15:15:45,29,32,65,1008,5,E,0,0,0.0,Smoky haze
2026-09-21 15:31:08,29,31,67,1008,5,E,0,0,0.0,Smoky haze
2026-09-21 15:45:47,29,31,67,1008,5,E,0,0,0.0,Smoky haze
2026-09-21 16:01:22,29,31,67,1008,5,E,0,0,0.0,Smoky haze
2026-09-21 16:15:43,29,31,67,1008,5,E,0,0,0.0,Smoky haze
2026-09-21 16:31:03,29,31,67,1008,5,E,0,0,0.0,Smoky haze
2026-09-21 16:46:16,29,31,67,1008,5,E,0,0,0.0,Smoky haze
2026-09-21 17:01:14,28,31,68,1008,4,E,0,2,0.0,Smoky haze
2026-09-21 17:11:11,28,31,68,1008,4,E,0,2,0.0,Smoky haze
2026-09-21 17:15:39,28,31,68,1008,4,E,0,2,0.0,Smoky haze
2026-09-21 17:31:00,28,31,68,1008,4,E,0,2,0.0,Smoky haze
2026-09-21 17:45:47,28,31,68,1008,4,E,0,2,0.0,Smoky haze
2026-09-21 18:01:14,28,31,68,1008,4,E,0,2,0.0,Smoky haze
2026-09-21 18:15:41,28,31,68,1008,4,E,0,2,0.0,Smoky haze
2026-09-21 18:31:04,28,30,69,1008,4,NE,0,3,0.0,Smoky haze
2026-09-21 18:45:42,28,30,69,1008,4,NE,0,3,0.0,Smoky haze
2026-09-21 19:01:17,28,30,69,1008,4,NE,0,3,0.0,Smoky haze
2026-09-21 19:15:40,28,30,69,1008,4,NE,0,3,0.0,Smoky haze
2026-09-21 19:31:01,28,30,69,1008,4,NE,0,3,0.0,Smoky haze
2026-09-21 19:45:42,28,30,69,1008,4,NE,0,3,0.0,Smoky haze
2026-09-21 20:01:18,27,30,71,1008,5,NE,0,1,0.0,Smoky haze
2026-09-21 20:15:39,27,30,71,1008,5,NE,0,1,0.0,Smoky haze
2026-09-21 20:31:00,27,30,71,1008,5,NE,0,1,0.0,Smoky haze
2026-09-21 20:45:40,27,30,71,1008,5,NE,0,1,0.0,Smoky haze
2026-09-21 21:01:19,27,30,71,1008,5,NE,0,1,0.0,Smoky haze
2026-09-21 21:13:48,27,30,71,1008,5,NE,0,1,0.0,Smoky haze
2026-09-21 21:15:42,27,30,71,1008,5,NE,0,1,0.0,Smoky haze
2026-09-21 21:31:00,26,28,72,1008,7,NE,0,4,0.0,Smoky haze
2026-09-21 21:45:48,26,28,72,1008,7,NE,0,4,0.0,Smoky haze
2026-09-21 22:01:18,26,28,72,1008,7,NE,0,4,0.0,Smoky haze
2026-09-21 22:15:38,26,28,72,1008,7,NE,0,4,0.0,Smoky haze
2026-09-21 22:30:58,26,28,72,1008,7,NE,0,4,0.0,Smoky haze
2026-09-21 22:45:38,26,28,72,1008,7,NE,0,4,0.0,Smoky haze
2026-09-21 23:01:20,26,28,76,1008,6,ENE,0,0,0.0,Smoky haze
2026-09-21 23:15:42,26,28,76,1008,6,ENE,0,0,0.0,Smoky haze
2026-09-21 23:31:01,26,28,76,1008,6,ENE,0,0,0.0,Smoky haze
2026-09-21 23:45:46,26,28,76,1008,6,ENE,0,0,0.0,Smoky haze
2026-09-22 00:01:21,26,28,76,1008,6,ENE,0,0,0.0,Smoky haze
2026-09-22 00:15:44,26,28,76,1008,6,ENE,0,0,0.0,Smoky haze
2026-09-22 00:16:31,26,28,76,1008,6,ENE,0,0,0.0,Smoky haze
2026-09-22 00:30:59,26,28,76,1008,6,ENE,0,0,0.0,Smoky haze
2026-09-22 00:45:45,26,28,77,1008,5,ENE,0,1,0.0,Smoky haze
2026-09-22 01:01:11,26,28,77,1008,5,ENE,0,1,0.0,Smoky haze
2026-09-22 01:15:40,26,28,77,1008,5,ENE,0,1,0.0,Smoky haze
2026-09-22 01:31:37,26,28,77,1008,5,ENE,0,1,0.0,Smoky haze
2026-09-22 01:45:42,26,28,77,1008,5,ENE,0,1,0.0,Smoky haze
2026-09-22 02:01:11,26,29,73,1009,4,NE,1,0,0.0,Smoky haze
2026-09-22 02:15:43,26,29,73,1009,4,NE,1,0,0.0,Smoky haze
2026-09-22 02:31:01,26,29,73,1009,4,NE,1,0,0.0,Smoky haze
2026-09-22 02:45:44,26,29,73,1009,4,NE,1,0,0.0,Smoky haze
2026-09-22 03:01:15,26,29,73,1009,4,NE,1,0,0.0,Smoky haze
2026-09-22 03:15:45,26,29,73,1009,4,NE,1,0,0.0,Smoky haze
2026-09-22 03:31:39,27,29,68,1010,4,NNE,2,0,0.0,Smoky haze
2026-09-22 03:45:39,27,29,68,1010,4,NNE,2,0,0.0,Smoky haze
2026-09-22 04:01:11,27,29,68,1010,4,NNE,2,0,0.0,Smoky haze
2026-09-22 04:15:39,27,29,68,1010,4,NNE,2,0,0.0,Smoky haze
2026-09-22 04:30:59,27,29,68,1010,4,NNE,2,0,0.0,Smoky haze
2026-09-22 04:45:39,27,29,68,1010,4,NNE,2,0,0.0,Smoky haze
2026-09-22 05:01:15,27,29,68,1010,4,NNE,2,0,0.0,Smoky haze
2026-09-22 05:15:44,30,33,59,1009,5,NNW,6,0,0.0,Smoky haze
2026-09-22 05:21:52,30,33,59,1009,5,NNW,6,0,0.0,Smoky haze
2026-09-22 05:30:56,30,33,59,1009,5,NNW,6,0,0.0,Smoky haze
2026-09-22 05:45:38,30,33,59,1009,5,NNW,6,0,0.0,Smoky haze
2026-09-22 06:01:13,30,33,59,1009,5,NNW,6,0,0.0,Smoky haze
2026-09-22 06:15:46,30,33,59,1009,5,NNW,6,0,0.0,Smoky haze
2026-09-22 06:30:59,30,33,59,1009,5,NNW,6,0,0.0,Smoky haze
2026-09-22 06:45:41,30,33,59,1009,5,NNW,6,0,0.0,Smoky haze
2026-09-22 07:01:14,32,35,51,1007,10,NW,8,0,0.0,Sunny
2026-09-22 07:15:49,32,35,51,1007,10,NW,8,0,0.0,Sunny
2026-09-22 07:31:02,32,35,51,1007,10,NW,8,0,0.0,Sunny
2026-09-22 07:45:44,32,35,51,1007,10,NW,8,0,0.0,Sunny
2026-09-22 08:01:23,32,35,51,1007,10,NW,8,0,0.0,Sunny
2026-09-22 08:15:51,32,35,51,1007,10,NW,8,0,0.0,Sunny
2026-09-22 08:31:06,32,35,51,1007,10,NW,8,0,0.0,Sunny
2026-09-22 08:45:47,33,35,47,1005,13,NW,5,0,0.0,Sunny
2026-09-22 09:01:17,33,35,47,1005,13,NW,5,0,0.0,Sunny
2026-09-22 09:15:42,33,35,47,1005,13,NW,5,0,0.0,Sunny
2026-09-22 09:31:13,33,35,47,1005,13,NW,5,0,0.0,Sunny
2026-09-22 09:45:41,33,35,47,1005,13,NW,5,0,0.0,Sunny
2026-09-22 10:01:18,33,35,47,1005,13,NW,5,0,0.0,Sunny
2026-09-22 10:15:48,33,36,49,1004,13,NW,3,0,0.0,Sunny
2026-09-22 10:18:58,33,36,49,1004,13,NW,3,0,0.0,Sunny
2026-09-22 10:31:04,33,36,49,1004,13,NW,3,0,0.0,Sunny
2026-09-22 10:45:41,33,36,49,1004,13,NW,3,0,0.0,Sunny
2026-09-22 11:01:18,33,36,49,1004,13,NW,3,0,0.0,Sunny
2026-09-22 11:15:48,33,36,49,1004,13,NW,3,0,0.0,Sunny
2026-09-22 11:30:59,33,36,49,1004,13,NW,3,0,0.0,Sunny
2026-09-22 11:45:44,33,36,49,1004,13,NW,3,0,0.0,Sunny
2026-09-22 12:01:17,31,37,64,1004,8,NW,0,0,0.0,Sunny
2026-09-22 12:15:46,31,37,64,1004,8,NW,0,0,0.0,Sunny
2026-09-22 12:31:02,31,37,64,1004,8,NW,0,0,0.0,Sunny
2026-09-22 12:45:49,31,37,64,1004,8,NW,0,0,0.0,Sunny
2026-09-22 13:01:21,31,37,64,1004,8,NW,0,0,0.0,Sunny
2026-09-22 13:15:43,31,37,64,1004,8,NW,0,0,0.0,Sunny
2026-09-22 13:31:05,30,33,64,1004,7,NW,0,0,0.0,Smoky haze
2026-09-22 13:45:44,30,33,64,1004,7,NW,0,0,0.0,Smoky haze
2026-09-22 14:01:32,30,33,64,1004,7,NW,0,0,0.0,Smoky haze
2026-09-22 14:15:43,30,33,64,1004,7,NW,0,0,0.0,Smoky haze
2026-09-22 14:31:14,30,33,64,1004,7,NW,0,0,0.0,Smoky haze
2026-09-22 14:45:42,30,33,64,1004,7,NW,0,0,0.0,Smoky haze
2026-09-22 15:01:50,29,32,68,1006,5,NNW,0,0,0.0,Smoky haze
2026-09-22 15:09:41,29,32,68,1006,5,NNW,0,0,0.0,Smoky haze
2026-09-22 15:15:44,29,32,68,1006,5,NNW,0,0,0.0,Smoky haze
2026-09-22 15:31:02,29,32,68,1006,5,NNW,0,0,0.0,Smoky haze
2026-09-22 15:45:42,29,32,68,1006,5,NNW,0,0,0.0,Smoky haze
2026-09-22 16:01:22,29,32,68,1006,5,NNW,0,0,0.0,Smoky haze
2026-09-22 16:15:44,29,32,68,1006,5,NNW,0,0,0.0,Smoky haze
2026-09-22 16:31:03,29,32,68,1006,5,NNW,0,0,0.0,Smoky haze
2026-09-22 16:45:44,28,30,68,1007,4,WNW,0,0,0.0,Smoky haze
2026-09-22 17:01:23,28,30,68,1007,4,WNW,0,0,0.0,Smoky haze
2026-09-22 17:15:43,28,30,68,1007,4,WNW,0,0,0.0,Smoky haze
2026-09-22 17:31:05,28,30,68,1007,4,WNW,0,0,0.0,Smoky haze
2026-09-22 17:45:43,28,30,68,1007,4,WNW,0,0,0.0,Smoky haze
2026-09-22 18:01:26,28,30,68,1007,4,WNW,0,0,0.0,Smoky haze
2026-09-22 18:15:41,28,30,68,1007,4,WNW,0,0,0.0,Smoky haze
2026-09-22 18:30:58,28,30,68,1006,4,ESE,0,0,0.0,Smoky haze
2026-09-22 18:45:44,28,30,68,1006,4,ESE,0,0,0.0,Smoky haze
2026-09-22 19:01:15,28,30,68,1006,4,ESE,0,0,0.0,Smoky haze
2026-09-22 19:08:33,28,30,68,1006,4,ESE,0,0,0.0,Smoky haze
2026-09-22 19:15:44,28,30,68,1006,4,ESE,0,0,0.0,Smoky haze
2026-09-22 19:31:02,28,30,68,1006,4,ESE,0,0,0.0,Smoky haze
2026-09-22 19:45:45,28,30,68,1006,4,ESE,0,0,0.0,Smoky haze
2026-09-22 20:01:12,27,29,72,1006,5,ENE,0,0,0.0,Smoky haze
2026-09-22 20:15:39,27,29,72,1006,5,ENE,0,0,0.0,Smoky haze
2026-09-22 20:31:01,27,29,72,1006,5,ENE,0,0,0.0,Smoky haze
2026-09-22 20:45:43,27,29,72,1006,5,ENE,0,0,0.0,Smoky haze
2026-09-22 21:01:09,27,29,72,1006,5,ENE,0,0,0.0,Smoky haze
2026-09-22 21:15:41,27,29,72,1006,5,ENE,0,0,0.0,Smoky haze
2026-09-22 21:31:00,27,29,72,1006,5,ENE,0,0,0.0,Smoky haze
2026-09-22 21:45:44,25,28,73,1006,5,NNE,0,0,0.0,Smoky haze
2026-09-22 22:01:18,25,28,73,1006,5,NNE,0,0,0.0,Smoky haze
2026-09-22 22:15:41,25,28,73,1006,5,NNE,0,0,0.0,Smoky haze
2026-09-22 22:24:39,25,28,73,1006,5,NNE,0,0,0.0,Smoky haze
2026-09-22 22:30:57,25,28,73,1006,5,NNE,0,0,0.0,Smoky haze
2026-09-22 22:45:43,25,28,73,1006,5,NNE,0,0,0.0,Smoky haze
2026-09-22 23:01:14,25,28,73,1006,5,NNE,0,0,0.0,Smoky haze
2026-09-22 23:15:43,25,28,73,1006,5,NNE,0,0,0.0,Smoky haze
2026-09-22 23:30:59,25,28,74,1007,4,N,0,0,0.0,Smoky haze
2026-09-22 23:45:48,25,28,74,1007,4,N,0,0,0.0,Smoky haze
2026-09-23 00:01:21,25,28,74,1007,4,N,0,0,0.0,Smoky haze
2026-09-23 00:15:41,25,28,74,1007,4,N,0,0,0.0,Smoky haze
2026-09-23 00:31:00,25,28,74,1007,4,N,0,0,0.0,Smoky haze
2026-09-23 00:45:39,25,28,74,1007,4,N,0,0,0.0,Smoky haze
2026-09-23 00:55:19,25,28,74,1007,4,N,0,0,0.0,Smoky haze
2026-09-23 01:01:12,25,28,75,1008,4,N,0,0,0.0,Smoky haze
2026-09-23 01:15:39,25,28,75,1008,4,N,0,0,0.0,Smoky haze
2026-09-23 01:30:59,25,28,75,1008,4,N,0,0,0.0,Smoky haze
2026-09-23 01:45:43,25,28,75,1008,4,N,0,0,0.0,Smoky haze
2026-09-23 02:01:14,25,28,75,1008,4,N,0,0,0.0,Smoky haze
2026-09-23 02:15:42,25,28,75,1008,4,N,0,0,0.0,Smoky haze
2026-09-23 02:30:59,25,28,75,1008,4,N,0,0,0.0,Smoky haze
2026-09-23 02:45:40,27,28,64,1009,5,N,2,0,0.0,Sunny
2026-09-23 03:01:12,27,28,64,1009,5,N,2,0,0.0,Sunny
2026-09-23 03:15:42,27,28,64,1009,5,N,2,0,0.0,Sunny
2026-09-23 03:31:05,27,28,64,1009,5,N,2,0,0.0,Sunny
2026-09-23 03:45:41,27,28,64,1009,5,N,2,0,0.0,Sunny
2026-09-23 04:01:14,27,28,64,1009,5,N,2,0,0.0,Sunny
2026-09-23 04:15:44,29,30,58,1009,5,N,4,0,0.0,Sunny
2026-09-23 04:31:00,29,30,58,1009,5,N,4,0,0.0,Sunny
2026-09-23 04:45:39,29,30,58,1009,5,N,4,0,0.0,Sunny
2026-09-23 05:01:10,29,30,58,1009,5,N,4,0,0.0,Sunny
2026-09-23 05:15:39,29,30,58,1009,5,N,4,0,0.0,Sunny
2026-09-23 05:31:00,29,30,58,1009,5,N,4,0,0.0,Sunny
2026-09-23 05:45:38,29,30,58,1009,5,N,4,0,0.0,Sunny
2026-09-23 06:01:14,31,33,48,1008,5,NNW,8,0,0.0,Sunny
2026-09-23 06:15:39,31,33,48,1008,5,NNW,8,0,0.0,Sunny
2026-09-23 06:30:59,31,33,48,1008,5,NNW,8,0,0.0,Sunny
2026-09-23 06:38:43,31,33,48,1008,5,NNW,8,0,0.0,Sunny
2026-09-23 06:45:42,31,33,48,1008,5,NNW,8,0,0.0,Sunny
2026-09-23 07:01:17,31,33,48,1008,5,NNW,8,0,0.0,Sunny
2026-09-23 07:15:44,31,33,48,1008,5,NNW,8,0,0.0,Sunny
2026-09-23 07:31:03,31,33,48,1008,5,NNW,8,0,0.0,Sunny
2026-09-23 07:45:42,33,35,44,1006,8,NNW,7,0,0.0,Sunny
2026-09-23 08:01:13,33,35,44,1006,8,NNW,7,0,0.0,Sunny
2026-09-23 08:15:44,33,35,44,1006,8,NNW,7,0,0.0,Sunny
2026-09-23 08:31:05,33,35,44,1006,8,NNW,7,0,0.0,Sunny
2026-09-23 08:45:45,33,35,44,1006,8,NNW,7,0,0.0,Sunny
2026-09-23 09:01:17,33,35,44,1006,8,NNW,7,0,0.0,Sunny
2026-09-23 09:16:54,33,35,43,1005,9,NNW,5,0,0.0,Sunny
2026-09-23 09:31:04,33,35,43,1005,9,NNW,5,0,0.0,Sunny
2026-09-23 09:45:46,33,35,43,1005,9,NNW,5,0,0.0,Sunny
2026-09-23 10:01:15,33,35,43,1005,9,NNW,5,0,0.0,Sunny
2026-09-23 10:16:19,33,35,43,1005,9,NNW,5,0,0.0,Sunny
2026-09-23 10:31:35,33,35,43,1005,9,NNW,5,0,0.0,Sunny
2026-09-23 10:45:45,33,36,51,1004,7,NNW,1,0,0.0,Sunny
2026-09-23 11:01:16,33,36,51,1004,7,NNW,1,0,0.0,Sunny
2026-09-23 11:15:47,33,36,51,1004,7,NNW,1,0,0.0,Sunny
2026-09-23 11:31:04,33,36,51,1004,7,NNW,1,0,0.0,Sunny
2026-09-23 11:45:47,33,36,51,1004,7,NNW,1,0,0.0,Sunny
2026-09-23 12:01:16,33,36,51,1004,7,NNW,1,0,0.0,Sunny
2026-09-23 12:07:33,32,36,59,1004,6,N,0,0,0.0,Sunny
2026-09-23 12:15:51,32,36,59,1004,6,N,0,0,0.0,Sunny
2026-09-23 12:30:59,32,36,59,1004,6,N,0,0,0.0,Sunny
2026-09-23 12:45:43,32,36,59,1004,6,N,0,0,0.0,Sunny
2026-09-23 13:01:16,32,36,59,1004,6,N,0,0,0.0,Sunny
2026-09-23 13:15:44,32,36,59,1004,6,N,0,0,0.0,Sunny
2026-09-23 13:31:09,32,36,59,1004,6,N,0,0,0.0,Sunny
2026-09-23 13:45:40,30,32,61,1006,4,N,0,0,0.0,Clear 
2026-09-23 14:01:16,30,32,61,1006,4,N,0,0,0.0,Clear 
2026-09-23 14:15:48,30,32,61,1006,4,N,0,0,0.0,Clear 
2026-09-23 14:31:03,30,32,61,1006,4,N,0,0,0.0,Clear 
2026-09-23 14:45:40,30,32,61,1006,4,N,0,0,0.0,Clear 
2026-09-23 15:01:34,30,32,61,1006,4,N,0,0,0.0,Clear 
2026-09-23 15:15:49,29,32,64,1007,4,NNE,0,0,0.0,Smoky haze
2026-09-23 15:31:06,29,32,64,1007,4,NNE,0,0,0.0,Smoky haze
2026-09-23 15:45:43,29,32,64,1007,4,NNE,0,0,0.0,Smoky haze
2026-09-23 16:01:17,29,32,64,1007,4,NNE,0,0,0.0,Smoky haze
2026-09-23 16:15:46,29,32,64,1007,4,NNE,0,0,0.0,Smoky haze
2026-09-23 16:30:59,29,32,64,1007,4,NNE,0,0,0.0,Smoky haze
2026-09-23 16:45:42,29,31,67,1007,5,ENE,0,0,0.0,Clear 
2026-09-23 17:01:24,29,31,67,1007,5,ENE,0,0,0.0,Clear 
2026-09-23 17:15:42,29,31,67,1007,5,ENE,0,0,0.0,Clear 
2026-09-23 17:27:17,29,31,67,1007,5,ENE,0,0,0.0,Clear 
2026-09-23 17:31:03,29,31,67,1007,5,ENE,0,0,0.0,Clear 
2026-09-23 17:45:42,29,31,67,1007,5,ENE,0,0,0.0,Clear 
2026-09-23 18:01:18,29,31,67,1007,5,ENE,0,0,0.0,Clear 
2026-09-23 18:15:41,28,31,71,1007,7,E,0,0,0.0,Clear 
2026-09-23 18:31:01,28,31,71,1007,7,E,0,0,0.0,Clear 
2026-09-23 18:45:41,28,31,71,1007,7,E,0,0,0.0,Clear 
2026-09-23 19:01:14,28,31,71,1007,7,E,0,0,0.0,Clear 
2026-09-23 19:15:39,28,31,71,1007,7,E,0,0,0.0,Clear 
2026-09-23 19:30:56,28,31,71,1007,7,E,0,0,0.0,Clear 
2026-09-23 19:45:40,28,31,71,1007,7,E,0,0,0.0,Clear 
2026-09-23 20:01:15,26,29,82,1007,10,E,0,39,0.0,Partly Cloudy 
2026-09-23 20:15:41,26,29,82,1007,10,E,0,39,0.0,Partly Cloudy 
2026-09-23 20:30:57,26,29,82,1007,10,E,0,39,0.0,Partly Cloudy 
2026-09-23 20:40:29,26,29,82,1007,10,E,0,39,0.0,Partly Cloudy 
2026-09-23 20:45:40,26,29,82,1007,10,E,0,39,0.0,Partly Cloudy 
2026-09-23 21:01:12,26,29,82,1007,10,E,0,39,0.0,Partly Cloudy 
2026-09-23 21:15:43,26,29,82,1007,10,E,0,39,0.0,Partly Cloudy 
2026-09-23 21:30:56,26,29,82,1007,10,E,0,39,0.0,Partly Cloudy 
2026-09-23 21:45:41,25,29,89,1006,9,ESE,0,79,0.2,Patchy rain nearby
2026-09-23 22:01:13,25,29,89,1006,9,ESE,0,79,0.2,Patchy rain nearby
2026-09-23 22:15:39,25,29,89,1006,9,ESE,0,79,0.2,Patchy rain nearby
2026-09-23 22:31:00,25,29,89,1006,9,ESE,0,79,0.2,Patchy rain nearby
2026-09-23 22:45:38,25,29,89,1006,9,ESE,0,79,0.2,Patchy rain nearby
2026-09-23 23:01:19,25,29,89,1006,9,ESE,0,79,0.2,Patchy rain nearby
2026-09-23 23:08:21,25,29,89,1006,9,ESE,0,79,0.2,Patchy rain nearby
2026-09-23 23:15:40,25,29,89,1006,9,ESE,0,79,0.2,Patchy rain nearby
2026-09-23 23:30:58,25,29,90,1006,9,ESE,0,0,0.0,Clear 
2026-09-23 23:45:39,25,29,90,1006,9,ESE,0,0,0.0,Clear 
2026-09-24 00:01:14,25,29,90,1006,9,ESE,0,0,0.0,Clear 
2026-09-24 00:15:41,25,29,90,1006,9,ESE,0,0,0.0,Clear 
2026-09-24 00:31:00,25,29,90,1006,9,ESE,0,0,0.0,Clear 
2026-09-24 00:45:40,25,29,90,1006,9,ESE,0,0,0.0,Clear 
2026-09-24 01:01:14,25,29,91,1008,9,E,0,0,0.0,Sunny
2026-09-24 01:15:42,25,29,91,1008,9,E,0,0,0.0,Sunny
2026-09-24 01:30:59,25,29,91,1008,9,E,0,0,0.0,Sunny
2026-09-24 01:38:22,25,29,91,1008,9,E,0,0,0.0,Sunny
2026-09-24 01:45:38,25,29,91,1008,9,E,0,0,0.0,Sunny
2026-09-24 02:01:21,25,29,91,1008,9,E,0,0,0.0,Sunny
2026-09-24 02:15:40,25,29,91,1008,9,E,0,0,0.0,Sunny
2026-09-24 02:30:58,25,29,91,1008,9,E,0,0,0.0,Sunny
2026-09-24 02:45:43,27,29,80,1009,12,ESE,2,83,0.0,Patchy rain nearby
2026-09-24 03:01:14,27,29,80,1009,12,ESE,2,83,0.0,Patchy rain nearby
2026-09-24 03:15:53,27,29,80,1009,12,ESE,2,83,0.0,Patchy rain nearby
2026-09-24 03:30:57,27,29,80,1009,12,ESE,2,83,0.0,Patchy rain nearby
2026-09-24 03:45:42,27,29,80,1009,12,ESE,2,83,0.0,Patchy rain nearby
2026-09-24 04:01:14,27,29,80,1009,12,ESE,2,83,0.0,Patchy rain nearby
2026-09-24 04:15:42,27,29,80,1009,12,ESE,2,83,0.0,Patchy rain nearby
2026-09-24 04:31:01,28,31,73,1009,13,ESE,4,79,0.0,Patchy rain nearby
2026-09-24 04:45:40,28,31,73,1009,13,ESE,4,79,0.0,Patchy rain nearby
2026-09-24 05:01:14,28,31,73,1009,13,ESE,4,79,0.0,Patchy rain nearby
2026-09-24 05:15:39,28,31,73,1009,13,ESE,4,79,0.0,Patchy rain nearby
2026-09-24 05:31:35,28,31,73,1009,13,ESE,4,79,0.0,Patchy rain nearby
2026-09-24 05:45:42,28,31,73,1009,13,ESE,4,79,0.0,Patchy rain nearby
2026-09-24 06:01:13,29,33,67,1008,18,ESE,8,54,0.4,Light rain shower
2026-09-24 06:15:42,29,33,67,1008,18,ESE,8,54,0.4,Light rain shower
2026-09-24 06:31:02,29,33,67,1008,18,ESE,8,54,0.4,Light rain shower
2026-09-24 06:43:54,29,33,67,1008,18,ESE,8,54,0.4,Light rain shower
2026-09-24 06:45:43,29,33,67,1008,18,ESE,8,54,0.4,Light rain shower
2026-09-24 07:01:15,29,33,67,1008,18,ESE,8,54,0.4,Light rain shower
2026-09-24 07:15:44,29,33,67,1008,18,ESE,8,54,0.4,Light rain shower
2026-09-24 07:30:58,31,35,60,1006,13,SE,8,88,0.0,Patchy rain nearby
2026-09-24 07:45:40,31,35,60,1006,13,SE,8,88,0.0,Patchy rain nearby
2026-09-24 08:01:18,31,35,60,1006,13,SE,8,88,0.0,Patchy rain nearby
2026-09-24 08:15:41,31,35,60,1006,13,SE,8,88,0.0,Patchy rain nearby
2026-09-24 08:31:02,31,35,60,1006,13,SE,8,88,0.0,Patchy rain nearby
2026-09-24 08:45:45,31,35,60,1006,13,SE,8,88,0.0,Patchy rain nearby
2026-09-24 09:01:51,31,35,57,1004,11,SE,4,77,0.0,Cloudy 
2026-09-24 09:15:44,31,35,57,1004,11,SE,4,77,0.0,Cloudy 
2026-09-24 09:31:00,31,35,57,1004,11,SE,4,77,0.0,Cloudy 
2026-09-24 09:45:43,31,35,57,1004,11,SE,4,77,0.0,Cloudy 
2026-09-24 10:01:56,31,35,57,1004,11,SE,4,77,0.0,Cloudy 
2026-09-24 10:15:46,31,35,57,1004,11,SE,4,77,0.0,Cloudy 
2026-09-24 10:31:04,30,34,62,1004,11,ESE,2,66,0.0,Cloudy 
2026-09-24 10:45:44,30,34,62,1004,11,ESE,2,66,0.0,Cloudy 
2026-09-24 11:01:18,30,34,62,1004,11,ESE,2,66,0.0,Cloudy 
2026-09-24 11:15:47,30,34,62,1004,11,ESE,2,66,0.0,Cloudy 
2026-09-24 11:30:58,30,34,62,1004,11,ESE,2,66,0.0,Cloudy 
2026-09-24 11:45:40,30,34,62,1004,11,ESE,2,66,0.0,Cloudy 
2026-09-24 12:01:18,30,35,73,1004,13,ESE,0,55,0.0,Partly Cloudy 
2026-09-24 12:13:36,30,35,73,1004,13,ESE,0,55,0.0,Partly Cloudy 
2026-09-24 12:15:43,30,35,73,1004,13,ESE,0,55,0.0,Partly Cloudy 
2026-09-24 12:30:59,30,35,73,1004,13,ESE,0,55,0.0,Partly Cloudy 
2026-09-24 12:45:50,30,35,73,1004,13,ESE,0,55,0.0,Partly Cloudy 
2026-09-24 13:01:16,30,35,73,1004,13,ESE,0,55,0.0,Partly Cloudy 
2026-09-24 13:15:48,30,35,73,1004,13,ESE,0,55,0.0,Partly Cloudy 
2026-09-24 13:31:01,29,34,69,1005,13,ESE,0,31,0.0,Partly Cloudy 
2026-09-24 13:45:41,29,34,69,1005,13,ESE,0,31,0.0,Partly Cloudy 
2026-09-24 14:01:23,29,34,69,1005,13,ESE,0,31,0.0,Partly Cloudy 
2026-09-24 14:15:42,29,34,69,1005,13,ESE,0,31,0.0,Partly Cloudy 
2026-09-24 14:45:56,29,34,69,1005,13,ESE,0,31,0.0,Partly Cloudy 
2026-09-24 15:01:21,28,31,74,1006,16,ESE,0,8,0.0,Clear 
2026-09-24 15:15:41,28,31,74,1006,16,ESE,0,8,0.0,Clear 
2026-09-24 15:31:02,28,31,74,1006,16,ESE,0,8,0.0,Clear 
2026-09-24 15:45:47,28,31,74,1006,16,ESE,0,8,0.0,Clear 
2026-09-24 16:01:20,28,31,74,1006,16,ESE,0,8,0.0,Clear 
2026-09-24 16:15:41,28,31,74,1006,16,ESE,0,8,0.0,Clear 
2026-09-24 16:31:02,28,31,74,1006,16,ESE,0,8,0.0,Clear 
2026-09-24 16:45:44,27,29,77,1007,18,SE,0,6,0.0,Clear 
2026-09-24 17:01:18,27,29,77,1007,18,SE,0,6,0.0,Clear 
2026-09-24 17:15:44,27,29,77,1007,18,SE,0,6,0.0,Clear 
2026-09-24 17:31:06,27,29,77,1007,18,SE,0,6,0.0,Clear 
2026-09-24 17:32:22,27,29,77,1007,18,SE,0,6,0.0,Clear 
2026-09-24 17:45:44,27,29,77,1007,18,SE,0,6,0.0,Clear 
2026-09-24 18:01:53,27,29,77,1007,18,SE,0,6,0.0,Clear 
2026-09-24 18:15:46,25,26,80,1007,19,SE,0,4,0.0,Clear 
2026-09-24 18:31:06,25,26,80,1007,19,SE,0,4,0.0,Clear 
2026-09-24 18:45:43,25,26,80,1007,19,SE,0,4,0.0,Clear 
2026-09-24 19:01:14,25,26,80,1007,19,SE,0,4,0.0,Clear 
2026-09-24 19:15:45,25,26,80,1007,19,SE,0,4,0.0,Clear 
2026-09-24 19:31:00,25,26,80,1007,19,SE,0,4,0.0,Clear 
2026-09-24 19:45:56,24,25,81,1006,15,SE,0,0,0.0,Clear 
2026-09-24 20:01:34,24,25,81,1006,15,SE,0,0,0.0,Clear 
2026-09-24 20:15:41,24,25,81,1006,15,SE,0,0,0.0,Clear 
2026-09-24 20:30:58,24,25,81,1006,15,SE,0,0,0.0,Clear 
2026-09-24 20:45:46,24,25,81,1006,15,SE,0,0,0.0,Clear 
2026-09-24 20:46:40,24,25,81,1006,15,SE,0,0,0.0,Clear 
2026-09-24 21:01:15,24,25,81,1006,15,SE,0,0,0.0,Clear 
2026-09-24 21:15:41,22,25,95,1007,6,SE,0,43,0.0,Mist
2026-09-24 21:30:59,22,25,95,1007,6,SE,0,43,0.0,Mist
2026-09-24 21:45:43,22,25,95,1007,6,SE,0,43,0.0,Mist
2026-09-24 22:01:15,22,25,95,1007,6,SE,0,43,0.0,Mist
2026-09-24 22:15:42,22,25,95,1007,6,SE,0,43,0.0,Mist
2026-09-24 22:30:58,22,25,95,1007,6,SE,0,43,0.0,Mist
2026-09-24 22:45:50,21,24,97,1006,8,E,0,45,0.0,Mist
2026-09-24 23:01:10,21,24,97,1006,8,E,0,45,0.0,Mist
2026-09-24 23:15:40,21,24,97,1006,8,E,0,45,0.0,Mist
2026-09-24 23:31:36,21,24,97,1006,8,E,0,45,0.0,Mist
2026-09-24 23:45:42,21,24,97,1006,8,E,0,45,0.0,Mist
2026-09-24 23:59:21,21,24,97,1006,8,E,0,45,0.0,Mist
2026-09-25 00:01:17,21,24,97,1006,8,E,0,45,0.0,Mist
2026-09-25 00:15:43,21,24,97,1006,8,E,0,45,0.0,Mist
2026-09-25 00:31:04,22,25,96,1007,6,E,0,95,0.0,Mist
2026-09-25 00:45:40,22,25,96,1007,6,E,0,95,0.0,Mist
2026-09-25 01:01:13,22,25,96,1007,6,E,0,95,0.0,Mist
2026-09-25 01:15:51,22,25,96,1007,6,E,0,95,0.0,Mist
2026-09-25 01:30:55,22,25,96,1007,6,E,0,95,0.0,Mist
2026-09-25 01:45:38,22,25,96,1007,6,E,0,95,0.0,Mist
2026-09-25 02:01:18,22,24,94,1008,9,E,0,87,0.0,Mist
2026-09-25 02:15:40,22,24,94,1008,9,E,0,87,0.0,Mist
2026-09-25 02:31:04,22,24,94,1008,9,E,0,87,0.0,Mist
2026-09-25 02:45:43,22,24,94,1008,9,E,0,87,0.0,Mist
2026-09-25 03:01:53,22,24,94,1008,9,E,0,87,0.0,Mist
2026-09-25 03:15:41,22,24,94,1008,9,E,0,87,0.0,Mist
2026-09-25 03:30:59,22,24,94,1008,9,E,0,87,0.0,Mist
2026-09-25 03:45:39,25,27,82,1009,14,ENE,2,98,0.0,Patchy rain nearby
2026-09-25 04:01:18,25,27,82,1009,14,ENE,2,98,0.0,Patchy rain nearby
2026-09-25 04:15:48,25,27,82,1009,14,ENE,2,98,0.0,Patchy rain nearby
2026-09-25 04:31:14,25,27,82,1009,14,ENE,2,98,0.0,Patchy rain nearby
2026-09-25 04:45:42,25,27,82,1009,14,ENE,2,98,0.0,Patchy rain nearby
2026-09-25 05:01:17,25,27,82,1009,14,ENE,2,98,0.0,Patchy rain nearby
2026-09-25 05:15:40,25,27,80,1008,13,ENE,2,90,0.3,Light rain shower
2026-09-25 05:23:20,25,27,80,1008,13,ENE,2,90,0.3,Light rain shower
2026-09-25 05:30:57,25,27,80,1008,13,ENE,2,90,0.3,Light rain shower
2026-09-25 05:45:50,25,27,80,1008,13,ENE,2,90,0.3,Light rain shower
2026-09-25 06:01:17,25,27,80,1008,13,ENE,2,90,0.3,Light rain shower
2026-09-25 06:15:44,25,27,80,1008,13,ENE,2,90,0.3,Light rain shower
2026-09-25 06:30:57,25,27,80,1008,13,ENE,2,90,0.3,Light rain shower
2026-09-25 06:45:53,24,24,80,1007,23,E,3,100,0.0,Patchy rain nearby
2026-09-25 07:01:16,24,24,80,1007,23,E,3,100,0.0,Patchy rain nearby
2026-09-25 07:15:45,24,24,80,1007,23,E,3,100,0.0,Patchy rain nearby
2026-09-25 07:31:03,24,24,80,1007,23,E,3,100,0.0,Patchy rain nearby
2026-09-25 07:45:41,24,24,80,1007,23,E,3,100,0.0,Patchy rain nearby
2026-09-25 08:01:17,24,24,80,1007,23,E,3,100,0.0,Patchy rain nearby
2026-09-25 08:15:53,24,24,80,1007,23,E,3,100,0.0,Patchy rain nearby
2026-09-25 08:31:01,25,28,80,1006,10,SE,2,100,0.3,Light rain shower
2026-09-25 08:45:41,25,28,80,1006,10,SE,2,100,0.3,Light rain shower
2026-09-25 09:01:15,25,28,80,1006,10,SE,2,100,0.3,Light rain shower
2026-09-25 09:15:50,25,28,80,1006,10,SE,2,100,0.3,Light rain shower
2026-09-25 09:31:05,25,28,80,1006,10,SE,2,100,0.3,Light rain shower
2026-09-25 09:45:54,25,28,80,1006,10,SE,2,100,0.3,Light rain shower
2026-09-25 10:01:13,24,27,86,1005,12,SSE,2,100,1.1,Light rain shower
2026-09-25 10:15:49,24,27,86,1005,12,SSE,2,100,1.1,Light rain shower
2026-09-25 10:31:00,24,27,86,1005,12,SSE,2,100,1.1,Light rain shower
2026-09-25 10:32:40,24,27,86,1005,12,SSE,2,100,1.1,Light rain shower
2026-09-25 10:45:46,24,27,86,1005,12,SSE,2,100,1.1,Light rain shower
2026-09-25 11:01:18,24,27,86,1005,12,SSE,2,100,1.1,Light rain shower
2026-09-25 11:15:44,24,27,86,1005,12,SSE,2,100,1.1,Light rain shower
2026-09-25 11:31:02,24,27,86,1005,12,SSE,2,100,1.1,Light rain shower
2026-09-25 11:45:47,24,26,91,1006,11,SSE,0,100,0.0,Overcast 
2026-09-25 12:01:16,24,26,91,1006,11,SSE,0,100,0.0,Overcast 
2026-09-25 12:15:44,24,26,91,1006,11,SSE,0,100,0.0,Overcast 
2026-09-25 12:31:03,24,26,91,1006,11,SSE,0,100,0.0,Overcast 
2026-09-25 12:45:45,24,26,91,1006,11,SSE,0,100,0.0,Overcast 
2026-09-25 13:01:23,24,26,91,1006,11,SSE,0,100,0.0,Overcast 
2026-09-25 13:15:43,23,27,94,1007,7,SE,0,100,0.0,Patchy rain nearby
2026-09-25 13:31:01,23,27,94,1007,7,SE,0,100,0.0,Patchy rain nearby
2026-09-25 13:45:46,23,27,94,1007,7,SE,0,100,0.0,Patchy rain nearby
2026-09-25 14:01:19,23,27,94,1007,7,SE,0,100,0.0,Patchy rain nearby
2026-09-25 14:15:44,23,27,94,1007,7,SE,0,100,0.0,Patchy rain nearby
2026-09-25 14:31:10,23,27,94,1007,7,SE,0,100,0.0,Patchy rain nearby
2026-09-25 14:45:44,20,20,96,1008,18,E,0,100,2.0,Light rain
2026-09-25 15:01:29,20,20,96,1008,18,E,0,100,2.0,Light rain
2026-09-25 15:15:44,20,20,96,1008,18,E,0,100,2.0,Light rain
2026-09-25 15:31:02,20,20,96,1008,18,E,0,100,2.0,Light rain
2026-09-25 15:32:48,20,20,96,1008,18,E,0,100,2.0,Light rain
2026-09-25 15:45:44,20,20,96,1008,18,E,0,100,2.0,Light rain
2026-09-25 16:01:16,20,20,96,1008,18,E,0,100,2.0,Light rain
2026-09-25 16:15:45,19,19,96,1009,19,E,0,100,1.3,Light rain
2026-09-25 16:31:00,19,19,96,1009,19,E,0,100,1.3,Light rain
2026-09-25 16:45:47,19,19,96,1009,19,E,0,100,1.3,Light rain
2026-09-25 17:01:18,19,19,96,1009,19,E,0,100,1.3,Light rain
2026-09-25 17:15:45,19,19,96,1009,19,E,0,100,1.3,Light rain
2026-09-25 17:31:00,19,19,96,1009,19,E,0,100,1.3,Light rain
2026-09-25 17:45:46,20,20,97,1007,13,NE,0,100,1.9,Light rain
2026-09-25 18:01:21,20,20,97,1007,13,NE,0,100,1.9,Light rain
2026-09-25 18:15:41,20,20,97,1007,13,NE,0,100,1.9,Light rain
2026-09-25 18:31:02,20,20,97,1007,13,NE,0,100,1.9,Light rain
2026-09-25 18:45:45,20,20,97,1007,13,NE,0,100,1.9,Light rain
2026-09-25 19:01:17,20,20,97,1007,13,NE,0,100,1.9,Light rain
2026-09-25 19:15:48,20,21,97,1005,14,NE,0,100,4.0,Moderate rain
2026-09-25 19:31:11,20,21,97,1005,14,NE,0,100,4.0,Moderate rain
2026-09-25 19:32:24,20,21,97,1005,14,NE,0,100,4.0,Moderate rain
2026-09-25 19:45:44,20,21,97,1005,14,NE,0,100,4.0,Moderate rain
2026-09-25 20:01:14,20,21,97,1005,14,NE,0,100,4.0,Moderate rain
2026-09-25 20:15:45,20,21,97,1005,14,NE,0,100,4.0,Moderate rain
2026-09-25 20:30:56,20,21,97,1005,14,NE,0,100,4.0,Moderate rain
2026-09-25 20:45:48,20,21,97,1005,14,NE,0,100,4.0,Moderate rain
2026-09-25 21:01:13,19,19,97,1005,18,NE,0,100,5.2,Moderate rain
2026-09-25 21:15:43,19,19,97,1005,18,NE,0,100,5.2,Moderate rain
2026-09-25 21:30:57,19,19,97,1005,18,NE,0,100,5.2,Moderate rain
2026-09-25 21:45:38,19,19,97,1005,18,NE,0,100,5.2,Moderate rain
2026-09-25 22:01:15,19,19,97,1005,18,NE,0,100,5.2,Moderate rain
2026-09-25 22:15:42,19,19,97,1005,18,NE,0,100,5.2,Moderate rain
2026-09-25 22:30:56,19,19,97,1005,18,NE,0,100,5.2,Moderate rain
2026-09-25 22:45:38,19,18,97,1004,19,N,0,100,8.6,Heavy rain
2026-09-25 22:47:57,19,18,97,1004,19,N,0,100,8.6,Heavy rain
2026-09-25 23:01:09,19,18,97,1004,19,N,0,100,8.6,Heavy rain
2026-09-25 23:15:40,19,18,97,1004,19,N,0,100,8.6,Heavy rain
2026-09-25 23:30:54,19,18,97,1004,19,N,0,100,8.6,Heavy rain
2026-09-25 23:45:39,19,18,97,1004,19,N,0,100,8.6,Heavy rain
2026-09-26 00:01:14,19,18,97,1004,19,N,0,100,8.6,Heavy rain
2026-09-26 00:15:39,19,18,97,1004,21,N,0,100,5.9,Moderate rain
2026-09-26 00:30:56,19,18,97,1004,21,N,0,100,5.9,Moderate rain
2026-09-26 00:45:38,19,18,97,1004,21,N,0,100,5.9,Moderate rain
2026-09-26 01:01:11,19,18,97,1004,21,N,0,100,5.9,Moderate rain
2026-09-26 01:15:41,19,18,97,1004,21,N,0,100,5.9,Moderate rain
2026-09-26 01:30:57,19,18,97,1004,21,N,0,100,5.9,Moderate rain
2026-09-26 01:45:44,19,18,97,1007,19,NE,0,100,5.8,Moderate rain
2026-09-26 01:58:05,19,18,97,1007,19,NE,0,100,5.8,Moderate rain
2026-09-26 02:01:07,19,18,97,1007,19,NE,0,100,5.8,Moderate rain
2026-09-26 02:15:40,19,18,97,1007,19,NE,0,100,5.8,Moderate rain
2026-09-26 02:30:59,19,18,97,1007,19,NE,0,100,5.8,Moderate rain
2026-09-26 02:45:39,19,18,97,1007,19,NE,0,100,5.8,Moderate rain
2026-09-26 03:01:15,19,18,97,1007,19,NE,0,100,5.8,Moderate rain
2026-09-26 03:15:41,19,18,97,1007,19,NE,0,100,5.8,Moderate rain
2026-09-26 03:30:54,19,18,97,1007,17,NNE,0,100,4.8,Moderate rain
2026-09-26 03:45:39,19,18,97,1007,17,NNE,0,100,4.8,Moderate rain
2026-09-26 04:01:12,19,18,97,1007,17,NNE,0,100,4.8,Moderate rain
2026-09-26 04:15:40,19,18,97,1007,17,NNE,0,100,4.8,Moderate rain
2026-09-26 04:30:55,19,18,97,1007,17,NNE,0,100,4.8,Moderate rain
2026-09-26 04:45:38,19,18,97,1007,17,NNE,0,100,4.8,Moderate rain
2026-09-26 05:01:12,19,18,98,1006,21,N,0,100,11.5,Heavy rain
2026-09-26 05:15:44,19,18,98,1006,21,N,0,100,11.5,Heavy rain
2026-09-26 05:31:00,19,18,98,1006,21,N,0,100,11.5,Heavy rain
2026-09-26 05:45:45,19,18,98,1006,21,N,0,100,11.5,Heavy rain
2026-09-26 06:01:15,19,18,98,1006,21,N,0,100,11.5,Heavy rain
2026-09-26 06:15:42,19,18,98,1006,21,N,0,100,11.5,Heavy rain
2026-09-26 06:31:01,19,18,98,1006,21,N,0,100,11.5,Heavy rain
2026-09-26 06:45:40,19,19,98,1006,15,NNW,0,100,3.8,Moderate rain
2026-09-26 07:01:13,19,19,98,1006,15,NNW,0,100,3.8,Moderate rain
2026-09-26 07:15:46,19,19,98,1006,15,NNW,0,100,3.8,Moderate rain
2026-09-26 07:31:01,19,19,98,1006,15,NNW,0,100,3.8,Moderate rain
2026-09-26 07:45:42,19,19,98,1006,15,NNW,0,100,3.8,Moderate rain
2026-09-26 07:59:15,19,19,98,1006,15,NNW,0,100,3.8,Moderate rain
2026-09-26 08:01:17,19,19,98,1006,15,NNW,0,100,3.8,Moderate rain
2026-09-26 08:15:47,20,20,98,1004,19,NE,0,100,8.3,Heavy rain
2026-09-26 08:31:02,20,20,98,1004,19,NE,0,100,8.3,Heavy rain
2026-09-26 08:45:38,20,20,98,1004,19,NE,0,100,8.3,Heavy rain
2026-09-26 09:01:10,20,20,98,1004,19,NE,0,100,8.3,Heavy rain
2026-09-26 09:15:41,20,20,98,1004,19,NE,0,100,8.3,Heavy rain
2026-09-26 09:30:59,20,20,98,1004,19,NE,0,100,8.3,Heavy rain
2026-09-26 09:45:40,20,19,98,1004,22,NNE,0,100,12.3,Heavy rain
2026-09-26 10:01:16,20,19,98,1004,22,NNE,0,100,12.3,Heavy rain
2026-09-26 10:15:40,20,19,98,1004,22,NNE,0,100,12.3,Heavy rain
2026-09-26 10:31:01,20,19,98,1004,22,NNE,0,100,12.3,Heavy rain
2026-09-26 10:45:42,20,19,98,1004,22,NNE,0,100,12.3,Heavy rain
2026-09-26 11:01:20,20,19,98,1004,22,NNE,0,100,12.3,Heavy rain
2026-09-26 11:15:44,19,18,98,1004,24,N,0,100,11.3,Heavy rain
2026-09-26 11:31:02,19,18,98,1004,24,N,0,100,11.3,Heavy rain
2026-09-26 11:46:16,19,18,98,1004,24,N,0,100,11.3,Heavy rain
2026-09-26 12:01:13,19,18,98,1004,24,N,0,100,11.3,Heavy rain
2026-09-26 12:15:39,19,18,98,1004,24,N,0,100,11.3,Heavy rain
2026-09-26 12:30:59,19,18,98,1004,24,N,0,100,11.3,Heavy rain
2026-09-26 12:45:40,19,19,98,1004,20,NNE,0,100,6.0,Moderate rain
2026-09-26 13:01:12,19,19,98,1004,20,NNE,0,100,6.0,Moderate rain
2026-09-26 13:15:45,19,19,98,1004,20,NNE,0,100,6.0,Moderate rain
2026-09-26 13:22:26,19,19,98,1004,20,NNE,0,100,6.0,Moderate rain
2026-09-26 13:30:57,19,19,98,1004,20,NNE,0,100,6.0,Moderate rain
2026-09-26 13:45:42,19,19,98,1004,20,NNE,0,100,6.0,Moderate rain
2026-09-26 14:01:11,19,19,98,1004,20,NNE,0,100,6.0,Moderate rain
2026-09-26 14:15:44,20,20,98,1002,18,NNE,0,100,14.0,Heavy rain
2026-09-26 14:31:05,20,20,98,1002,18,NNE,0,100,14.0,Heavy rain
2026-09-26 14:45:39,20,20,98,1002,18,NNE,0,100,14.0,Heavy rain
2026-09-26 15:01:16,20,20,98,1002,18,NNE,0,100,14.0,Heavy rain
2026-09-26 15:15:41,20,20,98,1002,18,NNE,0,100,14.0,Heavy rain
2026-09-26 15:30:57,20,20,98,1002,18,NNE,0,100,14.0,Heavy rain
2026-09-26 15:45:40,20,20,98,1002,17,N,0,100,3.4,Moderate rain
2026-09-26 16:01:16,20,20,98,1002,17,N,0,100,3.4,Moderate rain
2026-09-26 16:15:40,20,20,98,1002,17,N,0,100,3.4,Moderate rain
2026-09-26 16:30:59,20,20,98,1002,17,N,0,100,3.4,Moderate rain
2026-09-26 16:45:42,20,20,98,1002,17,N,0,100,3.4,Moderate rain
2026-09-26 17:01:13,20,20,98,1002,17,N,0,100,3.4,Moderate rain
2026-09-26 17:15:45,20,20,97,1002,20,NNE,0,100,1.3,Light rain
2026-09-26 17:22:47,20,20,97,1002,20,NNE,0,100,1.3,Light rain
2026-09-26 17:30:58,20,20,97,1002,20,NNE,0,100,1.3,Light rain
2026-09-26 17:45:44,20,20,97,1002,20,NNE,0,100,1.3,Light rain
2026-09-26 18:01:14,20,20,97,1002,20,NNE,0,100,1.3,Light rain
2026-09-26 18:15:40,20,20,97,1002,20,NNE,0,100,1.3,Light rain
2026-09-26 18:31:11,20,20,97,1002,20,NNE,0,100,1.3,Light rain
2026-09-26 18:45:44,20,20,97,1002,20,NNE,0,100,1.3,Light rain
2026-09-26 19:01:12,20,19,97,1002,25,ENE,0,100,6.5,Moderate rain
2026-09-26 19:15:39,20,19,97,1002,25,ENE,0,100,6.5,Moderate rain
2026-09-26 19:31:00,20,19,97,1002,25,ENE,0,100,6.5,Moderate rain
2026-09-26 19:45:42,20,19,97,1002,25,ENE,0,100,6.5,Moderate rain
2026-09-26 20:01:12,20,19,97,1002,25,ENE,0,100,6.5,Moderate rain
2026-09-26 20:07:28,20,19,97,1002,25,ENE,0,100,6.5,Moderate rain
2026-09-26 20:15:42,20,19,97,1002,25,ENE,0,100,6.5,Moderate rain
2026-09-26 20:30:56,20,19,97,1002,25,ENE,0,100,6.5,Moderate rain
2026-09-26 20:45:46,20,19,97,1002,25,ENE,0,100,6.5,Moderate rain
2026-09-26 21:01:12,20,19,97,1002,25,ENE,0,100,6.5,Moderate rain
2026-09-26 21:15:42,20,19,97,1002,25,ENE,0,100,6.5,Moderate rain
2026-09-26 21:31:00,20,19,97,1002,25,ENE,0,100,6.5,Moderate rain
2026-09-26 21:45:40,20,19,97,1002,25,ENE,0,100,6.5,Moderate rain
2026-09-26 22:01:12,20,20,97,1002,21,NNE,0,100,0.9,Light rain
2026-09-26 22:15:40,20,20,97,1002,21,NNE,0,100,0.9,Light rain
2026-09-26 22:31:03,20,20,97,1002,21,NNE,0,100,0.9,Light rain
2026-09-26 22:45:39,20,20,97,1002,21,NNE,0,100,0.9,Light rain
2026-09-26 23:01:10,20,20,97,1002,21,NNE,0,100,0.9,Light rain
2026-09-26 23:08:47,20,20,97,1002,21,NNE,0,100,0.9,Light rain
2026-09-26 23:15:41,20,20,97,1002,21,NNE,0,100,0.9,Light rain
2026-09-26 23:30:59,20,20,97,1002,21,NNE,0,100,0.9,Light rain
2026-09-26 23:45:41,20,20,98,1003,19,NE,0,100,1.4,Light rain
2026-09-27 00:01:14,20,20,98,1003,19,NE,0,100,1.4,Light rain
2026-09-27 00:15:42,20,20,98,1003,19,NE,0,100,1.4,Light rain
2026-09-27 00:30:56,20,20,98,1003,19,NE,0,100,1.4,Light rain
2026-09-27 00:45:41,20,20,98,1003,19,NE,0,100,1.4,Light rain
2026-09-27 01:01:10,20,20,98,1003,19,NE,0,100,1.4,Light rain
2026-09-27 01:15:42,20,20,98,1004,19,ENE,0,100,2.3,Light rain
2026-09-27 01:31:00,20,20,98,1004,19,ENE,0,100,2.3,Light rain
2026-09-27 01:45:39,20,20,98,1004,19,ENE,0,100,2.3,Light rain
2026-09-27 01:46:19,20,20,98,1004,19,ENE,0,100,2.3,Light rain
2026-09-27 02:01:09,20,20,98,1004,19,ENE,0,100,2.3,Light rain
2026-09-27 02:15:41,20,20,98,1004,19,ENE,0,100,2.3,Light rain
2026-09-27 02:31:01,20,20,98,1004,19,ENE,0,100,2.3,Light rain
2026-09-27 02:45:41,20,20,98,1004,19,ENE,0,100,2.3,Light rain
2026-09-27 03:01:12,20,20,97,1007,20,NE,0,100,2.2,Light rain
2026-09-27 03:15:41,20,20,97,1007,20,NE,0,100,2.2,Light rain
2026-09-27 03:31:00,20,20,97,1007,20,NE,0,100,2.2,Light rain
2026-09-27 03:45:43,20,20,97,1007,20,NE,0,100,2.2,Light rain
2026-09-27 04:01:14,20,20,97,1007,20,NE,0,100,2.2,Light rain
2026-09-27 04:15:46,20,20,97,1007,20,NE,0,100,2.2,Light rain
2026-09-27 04:31:03,20,20,97,1007,20,NE,0,100,2.2,Light rain
2026-09-27 04:45:40,21,20,97,1007,22,ENE,0,100,2.2,Light rain
2026-09-27 05:01:10,21,20,97,1007,22,ENE,0,100,2.2,Light rain
2026-09-27 05:15:40,21,20,97,1007,22,ENE,0,100,2.2,Light rain
2026-09-27 05:30:57,21,20,97,1007,22,ENE,0,100,2.2,Light rain
2026-09-27 05:45:42,21,20,97,1007,22,ENE,0,100,2.2,Light rain
2026-09-27 06:01:13,21,20,97,1007,22,ENE,0,100,2.2,Light rain
2026-09-27 06:15:41,21,20,97,1007,22,ENE,0,100,1.2,Light rain
2026-09-27 06:30:57,21,20,97,1007,22,ENE,0,100,1.2,Light rain
2026-09-27 06:45:44,21,20,97,1007,22,ENE,0,100,1.2,Light rain
2026-09-27 07:01:14,21,20,97,1007,22,ENE,0,100,1.2,Light rain
2026-09-27 07:15:43,21,20,97,1007,22,ENE,0,100,1.2,Light rain
2026-09-27 07:30:59,21,20,97,1007,22,ENE,0,100,1.2,Light rain
2026-09-27 07:45:45,20,19,97,1005,24,ENE,0,100,2.8,Moderate rain
2026-09-27 08:01:14,20,19,97,1005,24,ENE,0,100,2.8,Moderate rain
2026-09-27 08:15:39,20,19,97,1005,24,ENE,0,100,2.8,Moderate rain
2026-09-27 08:31:02,20,19,97,1005,24,ENE,0,100,2.8,Moderate rain
2026-09-27 08:32:51,20,19,97,1005,24,ENE,0,100,2.8,Moderate rain
2026-09-27 08:45:44,20,19,97,1005,24,ENE,0,100,2.8,Moderate rain
2026-09-27 09:01:14,20,19,97,1005,24,ENE,0,100,2.8,Moderate rain
2026-09-27 09:15:41,20,19,97,1005,24,ENE,0,100,2.8,Moderate rain
2026-09-27 09:31:00,20,19,98,1005,22,ENE,0,100,1.5,Light rain shower
2026-09-27 09:45:41,20,19,98,1005,22,ENE,0,100,1.5,Light rain shower
2026-09-27 10:01:16,20,19,98,1005,22,ENE,0,100,1.5,Light rain shower
2026-09-27 10:15:38,20,19,98,1005,22,ENE,0,100,1.5,Light rain shower
2026-09-27 10:30:59,20,19,98,1005,22,ENE,0,100,1.5,Light rain shower
2026-09-27 10:45:41,20,19,98,1005,22,ENE,0,100,1.5,Light rain shower
2026-09-27 11:01:14,20,20,97,1005,20,ENE,0,100,0.1,Patchy rain nearby
2026-09-27 11:15:39,20,20,97,1005,20,ENE,0,100,0.1,Patchy rain nearby
2026-09-27 11:30:57,20,20,97,1005,20,ENE,0,100,0.1,Patchy rain nearby
2026-09-27 11:45:39,20,20,97,1005,20,ENE,0,100,0.1,Patchy rain nearby
2026-09-27 12:01:11,20,20,97,1005,20,ENE,0,100,0.1,Patchy rain nearby
2026-09-27 12:15:40,20,20,97,1005,20,ENE,0,100,0.1,Patchy rain nearby
2026-09-27 12:31:02,21,20,96,1006,20,ENE,0,98,1.1,Light rain shower
2026-09-27 12:45:41,21,20,96,1006,20,ENE,0,98,1.1,Light rain shower
2026-09-27 13:01:13,21,20,96,1006,20,ENE,0,98,1.1,Light rain shower
2026-09-27 13:15:40,21,20,96,1006,20,ENE,0,98,1.1,Light rain shower
2026-09-27 13:31:04,21,20,96,1006,20,ENE,0,98,1.1,Light rain shower
2026-09-27 13:45:39,21,20,96,1006,20,ENE,0,98,1.1,Light rain shower
2026-09-27 14:01:13,21,21,96,1007,20,NE,0,99,0.0,Patchy rain nearby
2026-09-27 14:15:42,21,21,96,1007,20,NE,0,99,0.0,Patchy rain nearby
2026-09-27 14:17:09,21,21,96,1007,20,NE,0,99,0.0,Patchy rain nearby
2026-09-27 14:30:59,21,21,96,1007,20,NE,0,99,0.0,Patchy rain nearby
2026-09-27 14:45:41,21,21,96,1007,20,NE,0,99,0.0,Patchy rain nearby
2026-09-27 15:01:14,21,21,96,1007,20,NE,0,99,0.0,Patchy rain nearby
2026-09-27 15:15:42,21,21,96,1007,20,NE,0,99,0.0,Patchy rain nearby
2026-09-27 15:31:01,22,25,96,1007,9,NE,0,100,0.0,Mist
2026-09-27 15:45:43,22,25,96,1007,9,NE,0,100,0.0,Mist
2026-09-27 16:01:20,22,25,96,1007,9,NE,0,100,0.0,Mist
2026-09-27 16:15:40,22,25,96,1007,9,NE,0,100,0.0,Mist
2026-09-27 16:31:00,22,25,96,1007,9,NE,0,100,0.0,Mist
2026-09-27 16:45:38,22,25,96,1007,9,NE,0,100,0.0,Mist
2026-09-27 17:01:12,22,25,96,1007,8,ENE,0,15,0.0,Mist
2026-09-27 17:15:42,22,25,96,1007,8,ENE,0,15,0.0,Mist
2026-09-27 17:31:05,22,25,96,1007,8,ENE,0,15,0.0,Mist
2026-09-27 17:45:39,22,25,96,1007,8,ENE,0,15,0.0,Mist
2026-09-27 18:01:14,22,25,96,1007,8,ENE,0,15,0.0,Mist
2026-09-27 18:15:42,22,25,96,1007,8,ENE,0,15,0.0,Mist
2026-09-27 18:31:00,22,25,97,1005,7,ENE,0,100,0.0,Fog
2026-09-27 18:38:41,22,25,97,1005,7,ENE,0,100,0.0,Fog
2026-09-27 18:45:39,22,25,97,1005,7,ENE,0,100,0.0,Fog
2026-09-27 19:01:23,22,25,97,1005,7,ENE,0,100,0.0,Fog
2026-09-27 19:15:41,22,25,97,1005,7,ENE,0,100,0.0,Fog
2026-09-27 19:31:07,22,25,97,1005,7,ENE,0,100,0.0,Fog
2026-09-27 19:45:45,22,25,97,1005,7,ENE,0,100,0.0,Fog
2026-09-27 20:01:14,22,25,97,1005,7,ENE,0,100,0.0,Fog
2026-09-27 20:15:39,22,25,97,1005,7,ENE,0,100,0.0,Fog
2026-09-27 20:30:59,22,25,97,1005,7,ENE,0,100,0.0,Fog
2026-09-27 20:45:43,22,25,97,1005,7,ENE,0,100,0.0,Fog
2026-09-27 21:01:12,22,25,97,1005,7,ENE,0,100,0.0,Fog
2026-09-27 21:15:42,22,25,97,1005,7,ENE,0,100,0.0,Fog
2026-09-27 21:30:58,22,25,97,1005,7,ENE,0,100,0.0,Fog
2026-09-27 21:35:39,22,25,97,1005,6,SE,0,68,0.0,Mist
2026-09-27 21:45:44,22,25,97,1005,6,SE,0,68,0.0,Mist
2026-09-27 22:01:14,22,25,97,1005,6,SE,0,68,0.0,Mist
2026-09-27 22:15:44,22,25,97,1005,6,SE,0,68,0.0,Mist
2026-09-27 22:31:02,22,25,97,1005,6,SE,0,68,0.0,Mist
2026-09-27 22:45:46,22,25,97,1005,6,SE,0,68,0.0,Mist
2026-09-27 23:03:22,22,25,97,1005,6,SE,0,68,0.0,Mist
2026-09-27 23:15:43,22,25,97,1006,4,S,0,90,0.0,Mist
2026-09-27 23:30:59,22,25,97,1006,4,S,0,90,0.0,Mist
2026-09-27 23:46:49,22,25,97,1006,4,S,0,90,0.0,Mist
2026-09-27 23:57:15,22,25,97,1006,4,S,0,90,0.0,Mist
2026-09-28 00:01:15,22,25,97,1006,4,S,0,90,0.0,Mist
2026-09-28 00:15:41,22,25,97,1006,4,S,0,90,0.0,Mist
2026-09-28 00:30:59,22,25,97,1006,4,S,0,90,0.0,Mist
2026-09-28 00:45:42,22,25,97,1006,4,S,0,90,0.0,Mist
2026-09-28 01:01:12,21,25,96,1007,4,NNW,0,80,0.0,Mist
2026-09-28 01:15:40,21,25,96,1007,4,NNW,0,80,0.0,Mist
2026-09-28 01:30:58,21,25,96,1007,4,NNW,0,80,0.0,Mist
2026-09-28 01:45:41,21,25,96,1007,4,NNW,0,80,0.0,Mist
2026-09-28 02:01:11,21,25,96,1007,4,NNW,0,80,0.0,Mist
2026-09-28 02:15:41,21,25,96,1007,4,NNW,0,80,0.0,Mist
2026-09-28 02:31:00,21,25,96,1007,4,NNW,0,80,0.0,Mist
2026-09-28 02:45:43,23,26,91,1009,5,ENE,1,76,0.0,Patchy rain nearby
2026-09-28 03:01:17,23,26,91,1009,5,ENE,1,76,0.0,Patchy rain nearby
2026-09-28 03:15:42,23,26,91,1009,5,ENE,1,76,0.0,Patchy rain nearby
2026-09-28 03:31:02,23,26,91,1009,5,ENE,1,76,0.0,Patchy rain nearby
2026-09-28 03:45:46,23,26,91,1009,5,ENE,1,76,0.0,Patchy rain nearby
2026-09-28 04:01:18,23,26,91,1009,5,ENE,1,76,0.0,Patchy rain nearby
2026-09-28 04:15:50,24,27,85,1009,8,E,2,67,0.1,Patchy rain nearby
2026-09-28 04:30:58,24,27,85,1009,8,E,2,67,0.1,Patchy rain nearby
2026-09-28 04:45:41,24,27,85,1009,8,E,2,67,0.1,Patchy rain nearby
2026-09-28 05:01:16,24,27,85,1009,8,E,2,67,0.1,Patchy rain nearby
2026-09-28 05:15:45,24,27,85,1009,8,E,2,67,0.1,Patchy rain nearby
2026-09-28 05:31:05,24,27,85,1009,8,E,2,67,0.1,Patchy rain nearby
2026-09-28 05:45:47,24,27,85,1009,8,E,2,67,0.1,Patchy rain nearby
2026-09-28 05:50:56,26,29,75,1008,10,ESE,6,51,0.6,Light rain shower
2026-09-28 06:01:19,26,29,75,1008,10,ESE,6,51,0.6,Light rain shower
2026-09-28 06:15:46,26,29,75,1008,10,ESE,6,51,0.6,Light rain shower
2026-09-28 06:31:01,26,29,75,1008,10,ESE,6,51,0.6,Light rain shower
2026-09-28 06:45:54,26,29,75,1008,10,ESE,6,51,0.6,Light rain shower
2026-09-28 07:01:25,26,29,75,1008,10,ESE,6,51,0.6,Light rain shower
2026-09-28 07:15:42,26,29,75,1008,10,ESE,6,51,0.6,Light rain shower
2026-09-28 07:31:02,26,27,77,1008,14,ESE,7,51,0.1,Patchy rain nearby
2026-09-28 07:45:43,26,27,77,1008,14,ESE,7,51,0.1,Patchy rain nearby
2026-09-28 08:01:17,26,27,77,1008,14,ESE,7,51,0.1,Patchy rain nearby
2026-09-28 08:15:40,26,27,77,1008,14,ESE,7,51,0.1,Patchy rain nearby
2026-09-28 08:31:05,26,27,77,1008,14,ESE,7,51,0.1,Patchy rain nearby
2026-09-28 08:45:46,26,27,77,1008,14,ESE,7,51,0.1,Patchy rain nearby
2026-09-28 09:01:18,26,29,73,1006,8,ESE,5,80,0.2,Patchy rain nearby
2026-09-28 09:15:48,26,29,73,1006,8,ESE,5,80,0.2,Patchy rain nearby
2026-09-28 09:31:03,26,29,73,1006,8,ESE,5,80,0.2,Patchy rain nearby
2026-09-28 09:45:45,26,29,73,1006,8,ESE,5,80,0.2,Patchy rain nearby
2026-09-28 10:01:19,26,29,73,1006,8,ESE,5,80,0.2,Patchy rain nearby
2026-09-28 10:15:42,26,29,73,1006,8,ESE,5,80,0.2,Patchy rain nearby
2026-09-28 10:31:04,26,29,73,1006,8,ESE,5,80,0.2,Patchy rain nearby
2026-09-28 10:45:46,27,29,73,1006,4,ENE,1,86,0.1,Patchy rain nearby
2026-09-28 11:01:21,27,29,73,1006,4,ENE,1,86,0.1,Patchy rain nearby
2026-09-28 11:15:45,27,29,73,1006,4,ENE,1,86,0.1,Patchy rain nearby
2026-09-28 11:31:05,27,29,73,1006,4,ENE,1,86,0.1,Patchy rain nearby
2026-09-28 11:45:46,27,29,73,1006,4,ENE,1,86,0.1,Patchy rain nearby
2026-09-28 12:01:20,27,29,73,1006,4,ENE,1,86,0.1,Patchy rain nearby
2026-09-28 12:15:42,26,29,81,1007,5,N,0,54,0.2,Light rain shower
2026-09-28 12:31:01,26,29,81,1007,5,N,0,54,0.2,Light rain shower
2026-09-28 12:45:43,26,29,81,1007,5,N,0,54,0.2,Light rain shower
2026-09-28 13:01:22,26,29,81,1007,5,N,0,54,0.2,Light rain shower
2026-09-28 13:15:48,26,29,81,1007,5,N,0,54,0.2,Light rain shower
2026-09-28 13:31:05,26,29,81,1007,5,N,0,54,0.2,Light rain shower
2026-09-28 13:45:44,25,28,86,1008,9,N,0,87,0.0,Cloudy 
2026-09-28 14:01:22,25,28,86,1008,9,N,0,87,0.0,Cloudy 
2026-09-28 14:15:44,25,28,86,1008,9,N,0,87,0.0,Cloudy 
2026-09-28 14:27:28,25,28,86,1008,9,N,0,87,0.0,Cloudy 
2026-09-28 14:31:02,25,28,86,1008,9,N,0,87,0.0,Cloudy 
2026-09-28 14:45:48,25,28,86,1008,9,N,0,87,0.0,Cloudy 
2026-09-28 15:01:21,25,28,86,1008,9,N,0,87,0.0,Cloudy 
2026-09-28 15:15:46,26,29,82,1009,6,E,0,0,0.0,Smoky haze
2026-09-28 15:31:04,26,29,82,1009,6,E,0,0,0.0,Smoky haze
2026-09-28 15:45:43,26,29,82,1009,6,E,0,0,0.0,Smoky haze
2026-09-28 16:01:22,26,29,82,1009,6,E,0,0,0.0,Smoky haze
2026-09-28 16:15:46,26,29,82,1009,6,E,0,0,0.0,Smoky haze
2026-09-28 16:31:07,26,29,82,1009,6,E,0,0,0.0,Smoky haze
2026-09-28 16:45:44,25,28,85,1009,7,E,0,0,0.0,Smoky haze
2026-09-28 17:01:23,25,28,85,1009,7,E,0,0,0.0,Smoky haze
2026-09-28 17:15:44,25,28,85,1009,7,E,0,0,0.0,Smoky haze
2026-09-28 17:31:05,25,28,85,1009,7,E,0,0,0.0,Smoky haze
2026-09-28 17:45:44,25,28,85,1009,7,E,0,0,0.0,Smoky haze
2026-09-28 18:01:19,25,28,85,1009,7,E,0,0,0.0,Smoky haze
2026-09-28 18:15:42,25,28,86,1009,7,E,0,1,0.0,Smoky haze
2026-09-28 18:31:02,25,28,86,1009,7,E,0,1,0.0,Smoky haze
2026-09-28 18:45:43,25,28,86,1009,7,E,0,1,0.0,Smoky haze
2026-09-28 19:01:16,25,28,86,1009,7,E,0,1,0.0,Smoky haze
2026-09-28 19:15:49,25,28,86,1009,7,E,0,1,0.0,Smoky haze
2026-09-28 19:31:03,25,28,86,1009,7,E,0,1,0.0,Smoky haze
2026-09-28 19:45:44,24,28,87,1009,8,ESE,0,0,0.0,Smoky haze
2026-09-28 20:01:18,24,28,87,1009,8,ESE,0,0,0.0,Smoky haze
2026-09-28 20:15:44,24,28,87,1009,8,ESE,0,0,0.0,Smoky haze
2026-09-28 20:30:59,24,28,87,1009,8,ESE,0,0,0.0,Smoky haze
2026-09-28 20:45:47,24,28,87,1009,8,ESE,0,0,0.0,Smoky haze
2026-09-28 20:47:25,24,28,87,1009,8,ESE,0,0,0.0,Smoky haze
2026-09-28 21:01:23,24,28,87,1009,8,ESE,0,0,0.0,Smoky haze
2026-09-28 21:15:44,24,28,91,1009,4,SSW,0,4,0.0,Smoky haze
2026-09-28 21:31:04,24,28,91,1009,4,SSW,0,4,0.0,Smoky haze
2026-09-28 21:45:44,24,28,91,1009,4,SSW,0,4,0.0,Smoky haze
2026-09-28 22:01:15,24,28,91,1009,4,SSW,0,4,0.0,Smoky haze
2026-09-28 22:15:42,24,28,91,1009,4,SSW,0,4,0.0,Smoky haze
2026-09-28 22:31:00,24,28,91,1009,4,SSW,0,4,0.0,Smoky haze
2026-09-28 22:45:44,24,28,91,1009,4,SSW,0,4,0.0,Smoky haze
2026-09-28 23:01:14,23,27,94,1009,4,W,0,1,0.0,Smoky haze
2026-09-28 23:15:43,23,27,94,1009,4,W,0,1,0.0,Smoky haze
2026-09-28 23:30:59,23,27,94,1009,4,W,0,1,0.0,Smoky haze
2026-09-28 23:45:40,23,27,94,1009,4,W,0,1,0.0,Smoky haze
2026-09-29 00:01:20,23,27,94,1009,4,W,0,1,0.0,Smoky haze
2026-09-29 00:15:43,23,27,94,1009,4,W,0,1,0.0,Smoky haze
2026-09-29 00:30:59,23,27,94,1009,4,W,0,1,0.0,Smoky haze
2026-09-29 00:45:42,22,26,94,1010,4,WNW,0,3,0.0,Mist
2026-09-29 01:01:15,22,26,94,1010,4,WNW,0,3,0.0,Mist
2026-09-29 01:14:53,22,26,94,1010,4,WNW,0,3,0.0,Mist
2026-09-29 01:15:42,22,26,94,1010,4,WNW,0,3,0.0,Mist
2026-09-29 01:30:59,22,26,94,1010,4,WNW,0,3,0.0,Mist
2026-09-29 01:45:43,22,26,94,1010,4,WNW,0,3,0.0,Mist
2026-09-29 02:01:15,22,26,94,1010,4,WNW,0,3,0.0,Mist
2026-09-29 02:15:44,23,26,91,1011,6,W,0,15,0.0,Smoky haze
2026-09-29 02:30:59,23,26,91,1011,6,W,0,15,0.0,Smoky haze
2026-09-29 02:45:40,23,26,91,1011,6,W,0,15,0.0,Smoky haze
2026-09-29 03:01:19,23,26,91,1011,6,W,0,15,0.0,Smoky haze
2026-09-29 03:15:43,23,26,91,1011,6,W,0,15,0.0,Smoky haze
2026-09-29 03:31:04,23,26,91,1011,6,W,0,15,0.0,Smoky haze
2026-09-29 03:45:47,26,28,81,1012,7,W,3,50,0.0,Smoky haze
2026-09-29 04:01:18,26,28,81,1012,7,W,3,50,0.0,Smoky haze
2026-09-29 04:15:44,26,28,81,1012,7,W,3,50,0.0,Smoky haze
2026-09-29 04:31:00,26,28,81,1012,7,W,3,50,0.0,Smoky haze
2026-09-29 04:45:44,26,28,81,1012,7,W,3,50,0.0,Smoky haze
2026-09-29 05:01:17,26,28,81,1012,7,W,3,50,0.0,Smoky haze
2026-09-29 05:16:02,27,29,74,1011,6,WNW,5,83,0.1,Patchy rain nearby
2026-09-29 05:30:58,27,29,74,1011,6,WNW,5,83,0.1,Patchy rain nearby
2026-09-29 05:45:45,27,29,74,1011,6,WNW,5,83,0.1,Patchy rain nearby
2026-09-29 06:01:19,27,29,74,1011,6,WNW,5,83,0.1,Patchy rain nearby
2026-09-29 06:15:48,27,29,74,1011,6,WNW,5,83,0.1,Patchy rain nearby
2026-09-29 06:31:01,27,29,74,1011,6,WNW,5,83,0.1,Patchy rain nearby
2026-09-29 06:45:48,27,29,74,1011,6,WNW,5,83,0.1,Patchy rain nearby
2026-09-29 07:01:18,29,31,65,1010,7,NW,7,74,0.0,Patchy rain nearby
2026-09-29 07:15:49,29,31,65,1010,7,NW,7,74,0.0,Patchy rain nearby
2026-09-29 07:29:52,29,31,65,1010,7,NW,7,74,0.0,Patchy rain nearby
2026-09-29 07:31:03,29,31,65,1010,7,NW,7,74,0.0,Patchy rain nearby
2026-09-29 07:45:42,29,31,65,1010,7,NW,7,74,0.0,Patchy rain nearby
2026-09-29 08:01:24,29,31,65,1010,7,NW,7,74,0.0,Patchy rain nearby
2026-09-29 08:15:47,29,31,65,1010,7,NW,7,74,0.0,Patchy rain nearby
2026-09-29 08:31:06,29,31,65,1010,7,NW,7,74,0.0,Patchy rain nearby
2026-09-29 08:45:51,30,33,58,1008,4,E,3,85,0.1,Patchy rain nearby
2026-09-29 09:01:21,30,33,58,1008,4,E,3,85,0.1,Patchy rain nearby
2026-09-29 09:15:51,30,33,58,1008,4,E,3,85,0.1,Patchy rain nearby
2026-09-29 09:31:09,30,33,58,1008,4,E,3,85,0.1,Patchy rain nearby
2026-09-29 09:45:47,30,33,58,1008,4,E,3,85,0.1,Patchy rain nearby
2026-09-29 10:01:24,30,33,58,1008,4,E,3,85,0.1,Patchy rain nearby
2026-09-29 10:15:42,30,33,64,1007,4,NW,2,76,0.2,Light rain shower
2026-09-29 10:31:04,30,33,64,1007,4,NW,2,76,0.2,Light rain shower
2026-09-29 10:45:44,30,33,64,1007,4,NW,2,76,0.2,Light rain shower
2026-09-29 11:01:18,30,33,64,1007,4,NW,2,76,0.2,Light rain shower
2026-09-29 11:15:47,30,33,64,1007,4,NW,2,76,0.2,Light rain shower
2026-09-29 11:31:11,30,33,64,1007,4,NW,2,76,0.2,Light rain shower
2026-09-29 11:45:47,28,32,77,1008,12,NW,0,74,0.0,Patchy rain nearby
2026-09-29 12:01:19,28,32,77,1008,12,NW,0,74,0.0,Patchy rain nearby
2026-09-29 12:15:47,28,32,77,1008,12,NW,0,74,0.0,Patchy rain nearby
2026-09-29 12:31:03,28,32,77,1008,12,NW,0,74,0.0,Patchy rain nearby
2026-09-29 12:45:43,28,32,77,1008,12,NW,0,74,0.0,Patchy rain nearby
2026-09-29 13:01:25,28,32,77,1008,12,NW,0,74,0.0,Patchy rain nearby
2026-09-29 13:15:44,27,31,77,1008,10,NW,0,70,0.0,Cloudy 
2026-09-29 13:31:05,27,31,77,1008,10,NW,0,70,0.0,Cloudy 
2026-09-29 13:45:42,27,31,77,1008,10,NW,0,70,0.0,Cloudy 
2026-09-29 14:01:19,27,31,77,1008,10,NW,0,70,0.0,Cloudy 
2026-09-29 14:15:42,27,31,77,1008,10,NW,0,70,0.0,Cloudy 
2026-09-29 14:20:39,27,31,77,1008,10,NW,0,70,0.0,Cloudy 
2026-09-29 14:31:05,27,31,77,1008,10,NW,0,70,0.0,Cloudy 
2026-09-29 14:45:49,27,30,77,1009,9,N,0,15,0.0,Clear 
2026-09-29 15:01:24,27,30,77,1009,9,N,0,15,0.0,Clear 
2026-09-29 15:15:45,27,30,77,1009,9,N,0,15,0.0,Clear 
2026-09-29 15:31:10,27,30,77,1009,9,N,0,15,0.0,Clear 
2026-09-29 15:45:46,27,30,77,1009,9,N,0,15,0.0,Clear 
2026-09-29 16:01:20,27,30,77,1009,9,N,0,15,0.0,Clear 
2026-09-29 16:15:47,27,30,77,1009,9,N,0,15,0.0,Clear 
2026-09-29 16:31:06,25,28,80,1010,6,N,0,0,0.0,Clear 
2026-09-29 16:46:20,25,28,80,1010,6,N,0,0,0.0,Clear 
2026-09-29 17:01:17,25,28,80,1010,6,N,0,0,0.0,Clear 
2026-09-29 17:15:44,25,28,80,1010,6,N,0,0,0.0,Clear 
2026-09-29 17:31:04,25,28,80,1010,6,N,0,0,0.0,Clear 
2026-09-29 17:45:49,25,28,80,1010,6,N,0,0,0.0,Clear 
2026-09-29 18:01:19,25,29,83,1009,4,NW,0,0,0.0,Clear 
2026-09-29 18:15:46,25,29,83,1009,4,NW,0,0,0.0,Clear 
2026-09-29 18:31:04,25,29,83,1009,4,NW,0,0,0.0,Clear 
2026-09-29 18:45:45,25,29,83,1009,4,NW,0,0,0.0,Clear 
2026-09-29 19:01:21,25,29,83,1009,4,NW,0,0,0.0,Clear 
2026-09-29 19:15:42,25,29,83,1009,4,NW,0,0,0.0,Clear 
2026-09-29 19:31:04,24,28,85,1009,5,W,0,0,0.0,Clear
2026-09-29 19:37:54,24,28,85,1009,5,W,0,0,0.0,Clear
2026-09-29 19:45:44,24,28,85,1009,5,W,0,0,0.0,Clear
2026-09-29 20:01:16,24,28,85,1009,5,W,0,0,0.0,Clear
2026-09-29 20:15:42,24,28,85,1009,5,W,0,0,0.0,Clear
2026-09-29 20:31:04,24,28,85,1009,5,W,0,0,0.0,Clear
2026-09-29 20:45:42,24,28,85,1009,5,W,0,0,0.0,Clear
2026-09-29 21:01:22,24,26,85,1009,8,WNW,0,0,0.0,Haze
2026-09-29 21:15:44,24,26,85,1009,8,WNW,0,0,0.0,Haze
2026-09-29 21:31:03,24,26,85,1009,8,WNW,0,0,0.0,Haze
2026-09-29 21:45:43,24,26,85,1009,8,WNW,0,0,0.0,Haze
2026-09-29 22:01:18,24,26,85,1009,8,WNW,0,0,0.0,Haze
2026-09-29 22:15:45,24,26,85,1009,8,WNW,0,0,0.0,Haze
2026-09-29 22:31:01,24,26,85,1009,8,WNW,0,0,0.0,Haze
2026-09-29 22:45:43,23,25,83,1009,8,WNW,0,0,0.0,Haze
2026-09-29 23:01:16,23,25,83,1009,8,WNW,0,0,0.0,Haze
2026-09-29 23:11:00,23,25,83,1009,8,WNW,0,0,0.0,Haze
2026-09-29 23:15:45,23,25,83,1009,8,WNW,0,0,0.0,Haze
2026-09-29 23:31:02,23,25,83,1009,8,WNW,0,0,0.0,Haze
2026-09-29 23:45:46,23,25,83,1009,8,WNW,0,0,0.0,Haze
2026-09-30 00:01:20,23,25,83,1009,8,WNW,0,0,0.0,Haze
2026-09-30 00:15:43,23,25,83,1009,8,WNW,0,0,0.0,Haze
2026-09-30 00:31:01,23,25,83,1009,7,WNW,0,0,0.0,Haze
2026-09-30 00:45:42,23,25,83,1009,7,WNW,0,0,0.0,Haze
2026-09-30 01:01:13,23,25,83,1009,7,WNW,0,0,0.0,Haze
2026-09-30 01:15:43,23,25,83,1009,7,WNW,0,0,0.0,Haze
2026-09-30 01:31:00,23,25,83,1009,7,WNW,0,0,0.0,Haze
2026-09-30 01:45:41,23,25,83,1009,7,WNW,0,0,0.0,Haze
2026-09-30 02:01:15,23,26,80,1011,7,WNW,0,0,0.0,Haze
2026-09-30 02:15:47,23,26,80,1011,7,WNW,0,0,0.0,Haze
2026-09-30 02:21:56,23,26,80,1011,7,WNW,0,0,0.0,Haze
2026-09-30 02:31:00,23,26,80,1011,7,WNW,0,0,0.0,Haze
2026-09-30 02:45:42,23,26,80,1011,7,WNW,0,0,0.0,Haze
2026-09-30 03:01:23,23,26,80,1011,7,WNW,0,0,0.0,Haze
2026-09-30 03:15:44,23,26,80,1011,7,WNW,0,0,0.0,Haze
2026-09-30 03:30:59,23,26,80,1011,7,WNW,0,0,0.0,Haze
2026-09-30 03:45:43,26,27,66,1013,10,NW,3,0,0.0,Sunny
2026-09-30 04:01:13,26,27,66,1013,10,NW,3,0,0.0,Sunny
2026-09-30 04:15:45,26,27,66,1013,10,NW,3,0,0.0,Sunny
2026-09-30 04:30:58,26,27,66,1013,10,NW,3,0,0.0,Sunny
2026-09-30 04:45:42,26,27,66,1013,10,NW,3,0,0.0,Sunny
2026-09-30 05:01:19,26,27,66,1013,10,NW,3,0,0.0,Sunny
2026-09-30 05:15:47,27,29,61,1013,12,NW,6,0,0.0,Sunny
2026-09-30 05:31:00,27,29,61,1013,12,NW,6,0,0.0,Sunny
2026-09-30 05:45:41,27,29,61,1013,12,NW,6,0,0.0,Sunny
2026-09-30 06:01:17,27,29,61,1013,12,NW,6,0,0.0,Sunny
2026-09-30 06:15:48,27,29,61,1013,12,NW,6,0,0.0,Sunny
2026-09-30 06:30:58,27,29,61,1013,12,NW,6,0,0.0,Sunny
2026-09-30 06:45:42,27,29,61,1013,12,NW,6,0,0.0,Sunny
2026-09-30 07:01:26,29,30,54,1011,15,WNW,7,0,0.0,Sunny
2026-09-30 07:15:48,29,30,54,1011,15,WNW,7,0,0.0,Sunny
2026-09-30 07:31:00,29,30,54,1011,15,WNW,7,0,0.0,Sunny
2026-09-30 07:45:43,29,30,54,1011,15,WNW,7,0,0.0,Sunny
2026-09-30 08:01:17,29,30,54,1011,15,WNW,7,0,0.0,Sunny
2026-09-30 08:15:43,29,30,54,1011,15,WNW,7,0,0.0,Sunny
2026-09-30 08:31:04,29,30,54,1011,15,WNW,7,0,0.0,Sunny
2026-09-30 08:45:43,31,33,53,1009,10,WNW,4,0,0.0,Sunny
2026-09-30 08:59:42,31,33,53,1009,10,WNW,4,0,0.0,Sunny
2026-09-30 09:01:19,31,33,53,1009,10,WNW,4,0,0.0,Sunny
2026-09-30 09:15:45,31,33,53,1009,10,WNW,4,0,0.0,Sunny
2026-09-30 09:30:58,31,33,53,1009,10,WNW,4,0,0.0,Sunny
2026-09-30 09:45:42,31,33,53,1009,10,WNW,4,0,0.0,Sunny
2026-09-30 10:01:17,31,33,53,1009,10,WNW,4,0,0.0,Sunny
2026-09-30 10:15:47,31,33,55,1008,12,WNW,2,0,0.0,Sunny
2026-09-30 10:30:59,31,33,55,1008,12,WNW,2,0,0.0,Sunny
2026-09-30 10:45:43,31,33,55,1008,12,WNW,2,0,0.0,Sunny
2026-09-30 11:01:16,31,33,55,1008,12,WNW,2,0,0.0,Sunny
2026-09-30 11:15:45,31,33,55,1008,12,WNW,2,0,0.0,Sunny
2026-09-30 11:31:00,31,33,55,1008,12,WNW,2,0,0.0,Sunny
2026-09-30 11:45:42,31,33,55,1008,12,WNW,2,0,0.0,Sunny
2026-09-30 12:01:14,30,34,69,1009,7,NW,0,0,0.0,Sunny
2026-09-30 12:15:41,30,34,69,1009,7,NW,0,0,0.0,Sunny
2026-09-30 12:31:00,30,34,69,1009,7,NW,0,0,0.0,Sunny
2026-09-30 12:45:46,30,34,69,1009,7,NW,0,0,0.0,Sunny
2026-09-30 13:01:20,30,34,69,1009,7,NW,0,0,0.0,Sunny
2026-09-30 13:15:47,30,34,69,1009,7,NW,0,0,0.0,Sunny
2026-09-30 13:31:09,28,31,70,1009,6,NNW,0,0,0.0,Smoky haze
2026-09-30 13:45:48,28,31,70,1009,6,NNW,0,0,0.0,Smoky haze
2026-09-30 14:01:17,28,31,70,1009,6,NNW,0,0,0.0,Smoky haze
2026-09-30 14:15:45,28,31,70,1009,6,NNW,0,0,0.0,Smoky haze
2026-09-30 14:31:01,28,31,70,1009,6,NNW,0,0,0.0,Smoky haze
2026-09-30 14:45:47,28,31,70,1009,6,NNW,0,0,0.0,Smoky haze
2026-09-30 15:01:22,25,27,76,1010,11,NNW,0,0,0.0,Smoky haze
2026-09-30 15:15:43,25,27,76,1010,11,NNW,0,0,0.0,Smoky haze
2026-09-30 15:31:01,25,27,76,1010,11,NNW,0,0,0.0,Smoky haze
2026-09-30 15:45:50,25,27,76,1010,11,NNW,0,0,0.0,Smoky haze
2026-09-30 16:01:23,25,27,76,1010,11,NNW,0,0,0.0,Smoky haze
2026-09-30 16:04:35,25,27,76,1010,11,NNW,0,0,0.0,Smoky haze
2026-09-30 16:15:48,25,27,76,1010,11,NNW,0,0,0.0,Smoky haze
2026-09-30 16:31:04,25,27,76,1010,11,NNW,0,0,0.0,Smoky haze
2026-09-30 16:45:43,25,27,78,1010,7,NNW,0,0,0.0,Clear
2026-09-30 17:01:22,25,27,78,1010,7,NNW,0,0,0.0,Clear
2026-09-30 17:15:47,25,27,78,1010,7,NNW,0,0,0.0,Clear
2026-09-30 17:31:04,25,27,78,1010,7,NNW,0,0,0.0,Clear
2026-09-30 17:45:45,25,27,78,1010,7,NNW,0,0,0.0,Clear
2026-09-30 18:01:21,25,27,78,1010,7,NNW,0,0,0.0,Clear
2026-09-30 18:15:42,25,27,78,1010,7,NNW,0,0,0.0,Clear
2026-09-30 18:31:01,24,27,79,1010,6,NNW,0,0,0.0,Clear
2026-09-30 18:45:44,24,27,79,1010,6,NNW,0,0,0.0,Clear
2026-09-30 19:01:16,24,27,79,1010,6,NNW,0,0,0.0,Clear
2026-09-30 19:15:41,24,27,79,1010,6,NNW,0,0,0.0,Clear
2026-09-30 19:31:01,24,27,79,1010,6,NNW,0,0,0.0,Clear
2026-09-30 19:45:44,24,27,79,1010,6,NNW,0,0,0.0,Clear
2026-09-30 20:01:16,24,27,81,1009,4,WNW,0,0,0.0,Haze
2026-09-30 20:15:43,24,27,81,1009,4,WNW,0,0,0.0,Haze
2026-09-30 20:31:04,24,27,81,1009,4,WNW,0,0,0.0,Haze
2026-09-30 20:45:39,24,27,81,1009,4,WNW,0,0,0.0,Haze
2026-09-30 20:59:28,24,27,81,1009,4,WNW,0,0,0.0,Haze
2026-09-30 21:01:23,24,27,81,1009,4,WNW,0,0,0.0,Haze
2026-09-30 21:15:41,24,27,81,1009,4,WNW,0,0,0.0,Haze
2026-09-30 21:30:58,24,27,81,1009,4,WNW,0,0,0.0,Haze
2026-09-30 21:45:40,23,25,84,1009,8,NW,0,0,0.0,Haze
2026-09-30 22:01:19,23,25,84,1009,8,NW,0,0,0.0,Haze
2026-09-30 22:15:42,23,25,84,1009,8,NW,0,0,0.0,Haze
2026-09-30 22:30:56,23,25,84,1009,8,NW,0,0,0.0,Haze
2026-09-30 22:45:40,23,25,84,1009,8,NW,0,0,0.0,Haze
2026-09-30 23:01:17,23,25,84,1009,8,NW,0,0,0.0,Haze
2026-09-30 23:15:39,23,25,84,1009,8,NW,0,0,0.0,Haze
2026-09-30 23:31:02,23,25,84,1010,8,WNW,0,0,0.0,Haze
2026-09-30 23:45:41,23,25,84,1010,8,WNW,0,0,0.0,Haze
2026-10-01 00:01:19,23,25,84,1010,8,WNW,0,0,0.0,Haze
2026-10-01 00:15:42,23,25,84,1010,8,WNW,0,0,0.0,Haze
2026-10-01 00:30:59,23,25,84,1010,8,WNW,0,0,0.0,Haze
2026-10-01 00:45:45,23,25,84,1010,8,WNW,0,0,0.0,Haze
2026-10-01 00:49:54,23,25,84,1010,8,WNW,0,0,0.0,Haze
2026-10-01 01:01:18,23,25,85,1011,8,WNW,0,0,0.0,Haze
2026-10-01 01:15:39,23,25,85,1011,8,WNW,0,0,0.0,Haze
2026-10-01 01:30:57,23,25,85,1011,8,WNW,0,0,0.0,Haze
2026-10-01 01:45:38,23,25,85,1011,8,WNW,0,0,0.0,Haze
2026-10-01 02:01:12,23,25,85,1011,8,WNW,0,0,0.0,Haze
2026-10-01 02:15:41,23,25,85,1011,8,WNW,0,0,0.0,Haze
2026-10-01 02:30:58,23,25,85,1011,8,WNW,0,0,0.0,Haze
2026-10-01 02:45:44,25,26,74,1012,9,WNW,2,0,0.0,Haze
2026-10-01 03:01:17,25,26,74,1012,9,WNW,2,0,0.0,Haze
2026-10-01 03:15:42,25,26,74,1012,9,WNW,2,0,0.0,Haze
2026-10-01 03:30:57,25,26,74,1012,9,WNW,2,0,0.0,Haze
2026-10-01 03:45:44,25,26,74,1012,9,WNW,2,0,0.0,Haze
2026-10-01 04:01:22,25,26,74,1012,9,WNW,2,0,0.0,Haze
2026-10-01 04:15:42,25,26,74,1012,9,WNW,2,0,0.0,Haze
2026-10-01 04:31:01,26,27,66,1013,9,WNW,3,0,0.0,Sunny
2026-10-01 04:45:46,26,27,66,1013,9,WNW,3,0,0.0,Sunny
2026-10-01 05:01:19,26,27,66,1013,9,WNW,3,0,0.0,Sunny
2026-10-01 05:15:45,26,27,66,1013,9,WNW,3,0,0.0,Sunny
2026-10-01 05:30:57,26,27,66,1013,9,WNW,3,0,0.0,Sunny
2026-10-01 05:45:41,26,27,66,1013,9,WNW,3,0,0.0,Sunny
2026-10-01 06:01:31,29,30,56,1013,12,WNW,7,0,0.0,Sunny
2026-10-01 06:15:44,29,30,56,1013,12,WNW,7,0,0.0,Sunny
2026-10-01 06:31:03,29,30,56,1013,12,WNW,7,0,0.0,Sunny
2026-10-01 06:45:42,29,30,56,1013,12,WNW,7,0,0.0,Sunny
2026-10-01 07:01:18,29,30,56,1013,12,WNW,7,0,0.0,Sunny
2026-10-01 07:15:44,29,30,56,1013,12,WNW,7,0,0.0,Sunny
2026-10-01 07:31:04,29,30,56,1013,12,WNW,7,0,0.0,Sunny
2026-10-01 07:45:44,31,33,49,1011,5,WNW,6,0,0.0,Sunny
2026-10-01 07:47:37,31,33,49,1011,5,WNW,6,0,0.0,Sunny
2026-10-01 08:01:14,31,33,49,1011,5,WNW,6,0,0.0,Sunny
2026-10-01 08:15:45,31,33,49,1011,5,WNW,6,0,0.0,Sunny
2026-10-01 08:31:03,31,33,49,1011,5,WNW,6,0,0.0,Sunny
2026-10-01 08:45:44,31,33,49,1011,5,WNW,6,0,0.0,Sunny
2026-10-01 09:01:36,31,33,49,1011,5,WNW,6,0,0.0,Sunny
2026-10-01 09:15:44,31,33,49,1011,5,WNW,6,0,0.0,Sunny
2026-10-01 09:31:05,31,33,48,1010,6,WNW,4,0,0.0,Sunny
2026-10-01 09:45:49,31,33,48,1010,6,WNW,4,0,0.0,Sunny
2026-10-01 10:01:19,31,33,48,1010,6,WNW,4,0,0.0,Sunny
2026-10-01 10:15:45,31,33,48,1010,6,WNW,4,0,0.0,Sunny
2026-10-01 10:31:12,31,33,48,1010,6,WNW,4,0,0.0,Sunny
2026-10-01 10:45:46,31,33,48,1010,6,WNW,4,0,0.0,Sunny
2026-10-01 11:01:22,31,34,59,1009,6,NW,1,0,0.0,Sunny
2026-10-01 11:15:50,31,34,59,1009,6,NW,1,0,0.0,Sunny
2026-10-01 11:31:04,31,34,59,1009,6,NW,1,0,0.0,Sunny
2026-10-01 11:45:41,31,34,59,1009,6,NW,1,0,0.0,Sunny
2026-10-01 12:01:19,31,34,59,1009,6,NW,1,0,0.0,Sunny
2026-10-01 12:15:49,31,34,59,1009,6,NW,1,0,0.0,Sunny
2026-10-01 12:31:02,31,34,59,1009,6,NW,1,0,0.0,Sunny
2026-10-01 12:45:51,28,31,66,1010,5,NNW,0,0,0.0,Smoky haze
2026-10-01 13:01:22,28,31,66,1010,5,NNW,0,0,0.0,Smoky haze
2026-10-01 13:15:54,28,31,66,1010,5,NNW,0,0,0.0,Smoky haze
2026-10-01 13:31:03,28,31,66,1010,5,NNW,0,0,0.0,Smoky haze
2026-10-01 13:45:49,28,31,66,1010,5,NNW,0,0,0.0,Smoky haze
2026-10-01 14:01:16,28,31,66,1010,5,NNW,0,0,0.0,Smoky haze
2026-10-01 14:15:54,28,30,68,1011,6,NNE,0,0,0.0,Smoky haze
2026-10-01 14:31:03,28,30,68,1011,6,NNE,0,0,0.0,Smoky haze
2026-10-01 14:45:47,28,30,68,1011,6,NNE,0,0,0.0,Smoky haze
2026-10-01 15:01:25,28,30,68,1011,6,NNE,0,0,0.0,Smoky haze
2026-10-01 15:15:43,28,30,68,1011,6,NNE,0,0,0.0,Smoky haze
2026-10-01 15:31:10,28,30,68,1011,6,NNE,0,0,0.0,Smoky haze
2026-10-01 15:39:23,28,30,68,1011,6,NNE,0,0,0.0,Smoky haze
2026-10-01 15:45:45,28,30,68,1011,6,NNE,0,0,0.0,Smoky haze
2026-10-01 16:01:24,26,29,76,1012,4,N,0,0,0.0,Smoky haze
2026-10-01 16:15:41,26,29,76,1012,4,N,0,0,0.0,Smoky haze
2026-10-01 16:31:06,26,29,76,1012,4,N,0,0,0.0,Smoky haze
2026-10-01 16:45:43,26,29,76,1012,4,N,0,0,0.0,Smoky haze
2026-10-01 17:01:18,26,29,76,1012,4,N,0,0,0.0,Smoky haze
2026-10-01 17:15:44,26,29,76,1012,4,N,0,0,0.0,Smoky haze
2026-10-01 17:30:59,26,29,76,1012,4,N,0,0,0.0,Smoky haze
2026-10-01 17:45:43,25,29,78,1012,4,WNW,0,0,0.0,Smoky haze
2026-10-01 18:01:18,25,29,78,1012,4,WNW,0,0,0.0,Smoky haze
2026-10-01 18:15:45,25,29,78,1012,4,WNW,0,0,0.0,Smoky haze
2026-10-01 18:31:05,25,29,78,1012,4,WNW,0,0,0.0,Smoky haze
2026-10-01 18:45:41,25,29,78,1012,4,WNW,0,0,0.0,Smoky haze
2026-10-01 19:01:18,25,29,78,1012,4,WNW,0,0,0.0,Smoky haze
2026-10-01 19:15:45,24,28,80,1012,4,SW,0,0,0.0,Smoky haze
2026-10-01 19:31:04,24,28,80,1012,4,SW,0,0,0.0,Smoky haze
2026-10-01 19:45:43,24,28,80,1012,4,SW,0,0,0.0,Smoky haze
2026-10-01 20:01:13,24,28,80,1012,4,SW,0,0,0.0,Smoky haze
2026-10-01 20:15:42,24,28,80,1012,4,SW,0,0,0.0,Smoky haze
2026-10-01 20:29:42,24,28,80,1012,4,SW,0,0,0.0,Smoky haze
2026-10-01 20:31:01,24,28,80,1012,4,SW,0,0,0.0,Smoky haze
2026-10-01 20:45:46,24,27,83,1012,4,NW,0,0,0.0,Haze
2026-10-01 21:01:18,24,27,83,1012,4,NW,0,0,0.0,Haze
2026-10-01 21:15:45,24,27,83,1012,4,NW,0,0,0.0,Haze
2026-10-01 21:31:02,24,27,83,1012,4,NW,0,0,0.0,Haze
2026-10-01 21:45:41,24,27,83,1012,4,NW,0,0,0.0,Haze
2026-10-01 22:01:20,24,27,83,1012,4,NW,0,0,0.0,Haze
2026-10-01 22:15:45,24,27,83,1012,4,NW,0,0,0.0,Haze
2026-10-01 22:31:00,24,27,84,1012,5,WNW,0,0,0.0,Haze
2026-10-01 22:45:39,24,27,84,1012,5,WNW,0,0,0.0,Haze
2026-10-01 23:01:12,24,27,84,1012,5,WNW,0,0,0.0,Haze
2026-10-01 23:15:38,24,27,84,1012,5,WNW,0,0,0.0,Haze
2026-10-01 23:31:00,24,27,84,1012,5,WNW,0,0,0.0,Haze
2026-10-01 23:45:42,24,27,84,1012,5,WNW,0,0,0.0,Haze
2026-10-02 00:01:19,23,26,86,1013,6,WNW,0,0,0.0,Haze
2026-10-02 00:12:41,23,26,86,1013,6,WNW,0,0,0.0,Haze
2026-10-02 00:15:43,23,26,86,1013,6,WNW,0,0,0.0,Haze
2026-10-02 00:31:01,23,26,86,1013,6,WNW,0,0,0.0,Haze
2026-10-02 00:45:39,23,26,86,1013,6,WNW,0,0,0.0,Haze
2026-10-02 01:01:17,23,26,86,1013,6,WNW,0,0,0.0,Haze
2026-10-02 01:15:44,23,26,86,1013,6,WNW,0,0,0.0,Haze
2026-10-02 01:30:59,23,26,86,1013,6,WNW,0,0,0.0,Haze
2026-10-02 01:45:43,24,27,80,1014,4,WNW,0,0,0.0,Haze
2026-10-02 02:01:16,24,27,80,1014,4,WNW,0,0,0.0,Haze
2026-10-02 02:15:42,24,27,80,1014,4,WNW,0,0,0.0,Haze
2026-10-02 02:31:01,24,27,80,1014,4,WNW,0,0,0.0,Haze
2026-10-02 02:45:42,24,27,80,1014,4,WNW,0,0,0.0,Haze
2026-10-02 03:01:17,24,27,80,1014,4,WNW,0,0,0.0,Haze
2026-10-02 03:15:44,25,27,74,1015,7,NW,2,0,0.0,Haze
2026-10-02 03:31:01,25,27,74,1015,7,NW,2,0,0.0,Haze
2026-10-02 03:45:42,25,27,74,1015,7,NW,2,0,0.0,Haze
2026-10-02 04:01:19,25,27,74,1015,7,NW,2,0,0.0,Haze
2026-10-02 04:15:42,25,27,74,1015,7,NW,2,0,0.0,Haze
2026-10-02 04:31:01,25,27,74,1015,7,NW,2,0,0.0,Haze
2026-10-02 04:45:40,25,27,74,1015,7,NW,2,0,0.0,Haze
2026-10-02 05:01:17,28,29,60,1015,9,NW,5,0,0.0,Sunny
2026-10-02 05:15:43,28,29,60,1015,9,NW,5,0,0.0,Sunny
2026-10-02 05:31:02,28,29,60,1015,9,NW,5,0,0.0,Sunny
2026-10-02 05:45:41,28,29,60,1015,9,NW,5,0,0.0,Sunny
2026-10-02 06:01:19,28,29,60,1015,9,NW,5,0,0.0,Sunny
2026-10-02 06:10:52,28,29,60,1015,9,NW,5,0,0.0,Sunny
2026-10-02 06:15:43,28,29,60,1015,9,NW,5,0,0.0,Sunny
2026-10-02 06:31:04,28,29,60,1015,9,NW,5,0,0.0,Sunny
2026-10-02 06:46:21,30,31,49,1014,10,NW,7,0,0.0,Sunny
2026-10-02 07:01:17,30,31,49,1014,10,NW,7,0,0.0,Sunny
2026-10-02 07:15:42,30,31,49,1014,10,NW,7,0,0.0,Sunny
2026-10-02 07:31:08,30,31,49,1014,10,NW,7,0,0.0,Sunny
2026-10-02 07:45:42,30,31,49,1014,10,NW,7,0,0.0,Sunny
2026-10-02 08:01:23,30,31,49,1014,10,NW,7,0,0.0,Sunny
2026-10-02 08:15:48,30,31,49,1014,10,NW,7,0,0.0,Sunny
2026-10-02 08:31:07,31,32,44,1012,4,W,6,0,0.0,Sunny
2026-10-02 08:45:48,31,32,44,1012,4,W,6,0,0.0,Sunny
2026-10-02 09:01:18,31,32,44,1012,4,W,6,0,0.0,Sunny
2026-10-02 09:15:42,31,32,44,1012,4,W,6,0,0.0,Sunny
2026-10-02 09:31:02,31,32,44,1012,4,W,6,0,0.0,Sunny
2026-10-02 09:45:43,31,32,44,1012,4,W,6,0,0.0,Sunny
2026-10-02 10:01:17,32,32,44,1010,6,W,2,0,0.0,Sunny
2026-10-02 10:15:43,32,32,44,1010,6,W,2,0,0.0,Sunny
2026-10-02 10:31:03,32,32,44,1010,6,W,2,0,0.0,Sunny
2026-10-02 10:45:45,32,32,44,1010,6,W,2,0,0.0,Sunny
2026-10-02 11:01:26,32,32,44,1010,6,W,2,0,0.0,Sunny
2026-10-02 11:15:44,32,32,44,1010,6,W,2,0,0.0,Sunny
2026-10-02 11:31:02,32,32,44,1010,6,W,2,0,0.0,Sunny
2026-10-02 11:45:43,30,32,60,1011,6,WNW,0,0,0.0,Smoky haze
2026-10-02 12:01:18,30,32,60,1011,6,WNW,0,0,0.0,Smoky haze
2026-10-02 12:16:20,30,32,60,1011,6,WNW,0,0,0.0,Smoky haze
2026-10-02 12:31:03,30,32,60,1011,6,WNW,0,0,0.0,Smoky haze
2026-10-02 12:45:48,30,32,60,1011,6,WNW,0,0,0.0,Smoky haze
2026-10-02 13:01:23,30,32,60,1011,6,WNW,0,0,0.0,Smoky haze
2026-10-02 13:09:25,30,32,60,1011,6,WNW,0,0,0.0,Smoky haze
2026-10-02 13:15:44,28,30,61,1011,7,NW,0,0,0.0,Smoky haze
2026-10-02 13:31:07,28,30,61,1011,7,NW,0,0,0.0,Smoky haze
2026-10-02 13:45:45,28,30,61,1011,7,NW,0,0,0.0,Smoky haze
2026-10-02 14:01:18,28,30,61,1011,7,NW,0,0,0.0,Smoky haze
2026-10-02 14:15:49,28,30,61,1011,7,NW,0,0,0.0,Smoky haze
2026-10-02 14:31:06,28,30,61,1011,7,NW,0,0,0.0,Smoky haze
2026-10-02 14:45:45,27,28,65,1012,5,N,0,0,0.0,Smoky haze
2026-10-02 15:01:29,27,28,65,1012,5,N,0,0,0.0,Smoky haze
2026-10-02 15:15:46,27,28,65,1012,5,N,0,0,0.0,Smoky haze
2026-10-02 15:31:11,27,28,65,1012,5,N,0,0,0.0,Smoky haze
2026-10-02 15:45:48,27,28,65,1012,5,N,0,0,0.0,Smoky haze
2026-10-02 16:01:29,27,28,65,1012,5,N,0,0,0.0,Smoky haze
2026-10-02 16:15:44,26,28,69,1013,4,NE,0,0,0.0,Smoky haze
2026-10-02 16:31:07,26,28,69,1013,4,NE,0,0,0.0,Smoky haze
2026-10-02 16:45:46,26,28,69,1013,4,NE,0,0,0.0,Smoky haze
2026-10-02 17:01:25,26,28,69,1013,4,NE,0,0,0.0,Smoky haze
2026-10-02 17:15:46,26,28,69,1013,4,NE,0,0,0.0,Smoky haze
2026-10-02 17:31:01,26,28,69,1013,4,NE,0,0,0.0,Smoky haze
2026-10-02 17:45:44,25,28,71,1012,4,ESE,0,0,0.0,Smoky haze
2026-10-02 18:01:20,25,28,71,1012,4,ESE,0,0,0.0,Smoky haze
2026-10-02 18:15:49,25,28,71,1012,4,ESE,0,0,0.0,Smoky haze
2026-10-02 18:31:04,25,28,71,1012,4,ESE,0,0,0.0,Smoky haze
2026-10-02 18:41:03,25,28,71,1012,4,ESE,0,0,0.0,Smoky haze
2026-10-02 18:45:43,25,28,71,1012,4,ESE,0,0,0.0,Smoky haze
2026-10-02 19:01:21,25,28,71,1012,4,ESE,0,0,0.0,Smoky haze
2026-10-02 19:15:43,25,28,71,1012,4,ESE,0,0,0.0,Smoky haze
2026-10-02 19:31:05,25,27,73,1012,4,W,0,0,0.0,Smoky haze
2026-10-02 19:45:43,25,27,73,1012,4,W,0,0,0.0,Smoky haze
2026-10-02 20:01:54,25,27,73,1012,4,W,0,0,0.0,Smoky haze
2026-10-02 20:15:43,25,27,73,1012,4,W,0,0,0.0,Smoky haze
2026-10-02 20:31:02,25,27,73,1012,4,W,0,0,0.0,Smoky haze
2026-10-02 20:45:44,25,27,73,1012,4,W,0,0,0.0,Smoky haze
2026-10-02 21:01:19,24,26,76,1012,5,WNW,0,0,0.0,Smoky haze
2026-10-02 21:15:42,24,26,76,1012,5,WNW,0,0,0.0,Smoky haze
2026-10-02 21:31:00,24,26,76,1012,5,WNW,0,0,0.0,Smoky haze
2026-10-02 21:45:45,24,26,76,1012,5,WNW,0,0,0.0,Smoky haze
2026-10-02 22:01:19,24,26,76,1012,5,WNW,0,0,0.0,Smoky haze
2026-10-02 22:15:42,24,26,76,1012,5,WNW,0,0,0.0,Smoky haze
2026-10-02 22:30:59,24,26,76,1012,5,WNW,0,0,0.0,Smoky haze
2026-10-02 22:33:09,24,27,77,1012,4,NW,0,0,0.0,Smoky haze
2026-10-02 22:45:40,24,27,77,1012,4,NW,0,0,0.0,Smoky haze
2026-10-02 23:01:13,24,27,77,1012,4,NW,0,0,0.0,Smoky haze
2026-10-02 23:15:45,24,27,77,1012,4,NW,0,0,0.0,Smoky haze
2026-10-02 23:31:01,24,27,77,1012,4,NW,0,0,0.0,Smoky haze
2026-10-02 23:45:41,24,27,77,1012,4,NW,0,0,0.0,Smoky haze
2026-10-03 00:01:15,24,27,77,1012,4,NW,0,0,0.0,Smoky haze
2026-10-03 00:15:42,23,26,78,1012,4,NW,0,0,0.0,Haze
2026-10-03 00:30:58,23,26,78,1012,4,NW,0,0,0.0,Haze
2026-10-03 00:45:45,23,26,78,1012,4,NW,0,0,0.0,Haze
2026-10-03 01:01:10,23,26,78,1012,4,NW,0,0,0.0,Haze
2026-10-03 01:15:42,23,26,78,1012,4,NW,0,0,0.0,Haze
2026-10-03 01:25:52,23,26,78,1012,4,NW,0,0,0.0,Haze
2026-10-03 01:30:59,23,26,78,1012,4,NW,0,0,0.0,Haze
2026-10-03 01:45:43,24,28,75,1013,4,SE,0,0,0.0,Haze
2026-10-03 02:01:14,24,28,75,1013,4,SE,0,0,0.0,Haze
2026-10-03 02:15:42,24,28,75,1013,4,SE,0,0,0.0,Haze
2026-10-03 02:31:04,24,28,75,1013,4,SE,0,0,0.0,Haze
2026-10-03 02:45:41,24,28,75,1013,4,SE,0,0,0.0,Haze
2026-10-03 03:01:57,24,28,75,1013,4,SE,0,0,0.0,Haze
2026-10-03 03:15:45,26,29,70,1014,4,N,1,0,0.0,Sunny
2026-10-03 03:31:00,26,29,70,1014,4,N,1,0,0.0,Sunny
2026-10-03 03:45:40,26,29,70,1014,4,N,1,0,0.0,Sunny
2026-10-03 04:01:15,26,29,70,1014,4,N,1,0,0.0,Sunny
2026-10-03 04:15:46,26,29,70,1014,4,N,1,0,0.0,Sunny
2026-10-03 04:31:01,26,29,70,1014,4,N,1,0,0.0,Sunny
2026-10-03 04:45:42,26,29,70,1014,4,N,1,0,0.0,Sunny
2026-10-03 05:01:18,29,31,57,1014,4,WNW,5,0,0.0,Haze
2026-10-03 05:15:44,29,31,57,1014,4,WNW,5,0,0.0,Haze
2026-10-03 05:30:59,29,31,57,1014,4,WNW,5,0,0.0,Haze
2026-10-03 05:45:43,29,31,57,1014,4,WNW,5,0,0.0,Haze
2026-10-03 06:01:18,29,31,57,1014,4,WNW,5,0,0.0,Haze
2026-10-03 06:15:43,29,31,57,1014,4,WNW,5,0,0.0,Haze
2026-10-03 06:30:59,29,31,57,1014,4,WNW,5,0,0.0,Haze
2026-10-03 06:45:43,31,33,48,1012,7,W,7,0,0.0,Sunny
2026-10-03 07:01:13,31,33,48,1012,7,W,7,0,0.0,Sunny
2026-10-03 07:04:50,31,33,48,1012,7,W,7,0,0.0,Sunny
2026-10-03 07:15:41,31,33,48,1012,7,W,7,0,0.0,Sunny
2026-10-03 07:31:02,31,33,48,1012,7,W,7,0,0.0,Sunny
2026-10-03 07:45:41,31,33,48,1012,7,W,7,0,0.0,Sunny
2026-10-03 08:01:18,31,33,48,1012,7,W,7,0,0.0,Sunny
2026-10-03 08:15:42,31,33,48,1012,7,W,7,0,0.0,Sunny
2026-10-03 08:31:01,32,33,46,1011,10,W,6,0,0.0,Sunny
2026-10-03 08:45:43,32,33,46,1011,10,W,6,0,0.0,Sunny
2026-10-03 09:01:27,32,33,46,1011,10,W,6,0,0.0,Sunny
2026-10-03 09:15:41,32,33,46,1011,10,W,6,0,0.0,Sunny
2026-10-03 09:30:58,32,33,46,1011,10,W,6,0,0.0,Sunny
2026-10-03 09:45:41,32,33,46,1011,10,W,6,0,0.0,Sunny
2026-10-03 10:01:18,32,33,50,1010,11,WNW,2,0,0.0,Sunny
2026-10-03 10:15:47,32,33,50,1010,11,WNW,2,0,0.0,Sunny
2026-10-03 10:30:57,32,33,50,1010,11,WNW,2,0,0.0,Sunny
2026-10-03 10:45:43,32,33,50,1010,11,WNW,2,0,0.0,Sunny
2026-10-03 11:01:17,32,33,50,1010,11,WNW,2,0,0.0,Sunny
2026-10-03 11:15:42,32,33,50,1010,11,WNW,2,0,0.0,Sunny
2026-10-03 11:31:00,32,33,50,1010,11,WNW,2,0,0.0,Sunny
2026-10-03 11:45:45,30,33,57,1010,9,WNW,1,0,0.0,Sunny
2026-10-03 12:01:15,30,33,57,1010,9,WNW,1,0,0.0,Sunny
2026-10-03 12:15:42,30,33,57,1010,9,WNW,1,0,0.0,Sunny
2026-10-03 12:30:58,30,33,57,1010,9,WNW,1,0,0.0,Sunny
2026-10-03 12:43:15,30,33,57,1010,9,WNW,1,0,0.0,Sunny
2026-10-03 12:45:41,30,33,57,1010,9,WNW,1,0,0.0,Sunny
2026-10-03 13:01:17,30,33,57,1010,9,WNW,1,0,0.0,Sunny
2026-10-03 13:15:42,27,28,63,1010,7,NW,0,0,0.0,Clear
2026-10-03 13:31:06,27,28,63,1010,7,NW,0,0,0.0,Clear
2026-10-03 13:45:48,27,28,63,1010,7,NW,0,0,0.0,Clear
2026-10-03 14:01:14,27,28,63,1010,7,NW,0,0,0.0,Clear
2026-10-03 14:15:45,27,28,63,1010,7,NW,0,0,0.0,Clear
2026-10-03 14:30:59,27,28,63,1010,7,NW,0,0,0.0,Clear
2026-10-03 14:45:41,26,28,65,1011,6,ENE,0,0,0.0,Clear
2026-10-03 15:01:20,26,28,65,1011,6,ENE,0,0,0.0,Clear
2026-10-03 15:15:42,26,28,65,1011,6,ENE,0,0,0.0,Clear
2026-10-03 15:30:58,26,28,65,1011,6,ENE,0,0,0.0,Clear
2026-10-03 15:45:41,26,28,65,1011,6,ENE,0,0,0.0,Clear
2026-10-03 16:01:14,26,28,65,1011,6,ENE,0,0,0.0,Clear
2026-10-03 16:15:45,25,27,67,1011,6,ENE,0,0,0.0,Smoky haze
2026-10-03 16:31:02,25,27,67,1011,6,ENE,0,0,0.0,Smoky haze
2026-10-03 16:44:01,25,27,67,1011,6,ENE,0,0,0.0,Smoky haze
2026-10-03 16:45:44,25,27,67,1011,6,ENE,0,0,0.0,Smoky haze
2026-10-03 17:01:19,25,27,67,1011,6,ENE,0,0,0.0,Smoky haze
2026-10-03 17:15:43,25,27,67,1011,6,ENE,0,0,0.0,Smoky haze
2026-10-03 17:31:00,25,27,67,1011,6,ENE,0,0,0.0,Smoky haze
2026-10-03 17:45:44,25,27,69,1011,6,E,0,0,0.0,Smoky haze
2026-10-03 18:01:20,25,27,69,1011,6,E,0,0,0.0,Smoky haze
2026-10-03 18:15:44,25,27,69,1011,6,E,0,0,0.0,Smoky haze
2026-10-03 18:31:06,25,27,69,1011,6,E,0,0,0.0,Smoky haze
2026-10-03 18:45:41,25,27,69,1011,6,E,0,0,0.0,Smoky haze
2026-10-03 19:01:22,25,27,69,1011,6,E,0,0,0.0,Smoky haze
2026-10-03 19:15:46,24,26,71,1010,4,SSE,0,0,0.0,Smoky haze
2026-10-03 19:26:56,24,26,71,1010,4,SSE,0,0,0.0,Smoky haze
2026-10-03 19:31:06,24,26,71,1010,4,SSE,0,0,0.0,Smoky haze
2026-10-03 19:45:43,24,26,71,1010,4,SSE,0,0,0.0,Smoky haze
2026-10-03 20:01:14,24,26,71,1010,4,SSE,0,0,0.0,Smoky haze
2026-10-03 20:15:49,24,26,71,1010,4,SSE,0,0,0.0,Smoky haze
2026-10-03 20:31:02,24,26,71,1010,4,SSE,0,0,0.0,Smoky haze
2026-10-03 20:45:44,23,26,71,1010,4,WNW,0,0,0.0,Smoky haze
2026-10-03 21:01:19,23,26,71,1010,4,WNW,0,0,0.0,Smoky haze
2026-10-03 21:16:19,23,26,71,1010,4,WNW,0,0,0.0,Smoky haze
2026-10-03 21:31:09,23,26,71,1010,4,WNW,0,0,0.0,Smoky haze
2026-10-03 21:55:23,23,26,71,1010,4,WNW,0,0,0.0,Smoky haze
2026-10-03 22:16:20,23,26,71,1010,4,NNE,0,0,0.0,Smoky haze
2026-10-03 22:25:19,23,26,71,1010,4,NNE,0,0,0.0,Smoky haze
2026-10-03 22:31:03,23,26,71,1010,4,NNE,0,0,0.0,Smoky haze
2026-10-03 22:45:46,23,26,71,1010,4,NNE,0,0,0.0,Smoky haze
2026-10-03 23:01:19,23,26,71,1010,4,NNE,0,0,0.0,Smoky haze
2026-10-03 23:15:42,23,26,71,1010,4,NNE,0,0,0.0,Smoky haze
2026-10-03 23:31:02,23,26,71,1010,4,NNE,0,0,0.0,Smoky haze
2026-10-03 23:45:44,23,25,73,1010,4,NE,0,0,0.0,Smoky haze
2026-10-04 00:01:25,23,25,73,1010,4,NE,0,0,0.0,Smoky haze
2026-10-04 00:15:46,23,25,73,1010,4,NE,0,0,0.0,Smoky haze
2026-10-04 00:31:30,23,25,73,1010,4,NE,0,0,0.0,Smoky haze
2026-10-04 00:45:44,23,25,73,1010,4,NE,0,0,0.0,Smoky haze
2026-10-04 01:01:15,23,25,73,1010,4,NE,0,0,0.0,Smoky haze
2026-10-04 01:15:43,23,25,76,1011,5,ENE,0,0,0.0,Smoky haze
2026-10-04 01:31:02,23,25,76,1011,5,ENE,0,0,0.0,Smoky haze
2026-10-04 01:45:44,23,25,76,1011,5,ENE,0,0,0.0,Smoky haze
2026-10-04 01:58:37,23,25,76,1011,5,ENE,0,0,0.0,Smoky haze
2026-10-04 02:01:20,23,25,76,1011,5,ENE,0,0,0.0,Smoky haze
2026-10-04 02:15:46,23,25,76,1011,5,ENE,0,0,0.0,Smoky haze
2026-10-04 02:31:03,23,25,76,1011,5,ENE,0,0,0.0,Smoky haze
2026-10-04 02:45:45,26,28,67,1013,6,ENE,1,0,0.0,Smoky haze
2026-10-04 03:01:19,26,28,67,1013,6,ENE,1,0,0.0,Smoky haze
2026-10-04 03:15:43,26,28,67,1013,6,ENE,1,0,0.0,Smoky haze
2026-10-04 03:31:00,26,28,67,1013,6,ENE,1,0,0.0,Smoky haze
2026-10-04 03:45:46,26,28,67,1013,6,ENE,1,0,0.0,Smoky haze
2026-10-04 04:01:28,26,28,67,1013,6,ENE,1,0,0.0,Smoky haze
2026-10-04 04:15:45,27,29,62,1013,5,ENE,3,0,0.0,Sunny
2026-10-04 04:31:06,27,29,62,1013,5,ENE,3,0,0.0,Sunny
2026-10-04 04:45:45,27,29,62,1013,5,ENE,3,0,0.0,Sunny
2026-10-04 05:01:39,27,29,62,1013,5,ENE,3,0,0.0,Sunny
2026-10-04 05:15:43,27,29,62,1013,5,ENE,3,0,0.0,Sunny
2026-10-04 05:31:04,27,29,62,1013,5,ENE,3,0,0.0,Sunny
2026-10-04 05:45:47,30,32,52,1012,4,ESE,6,0,0.0,Sunny
2026-10-04 06:01:23,30,32,52,1012,4,ESE,6,0,0.0,Sunny
2026-10-04 06:15:46,30,32,52,1012,4,ESE,6,0,0.0,Sunny
2026-10-04 06:31:05,30,32,52,1012,4,ESE,6,0,0.0,Sunny
2026-10-04 06:45:48,30,32,52,1012,4,ESE,6,0,0.0,Sunny
2026-10-04 07:01:16,30,32,52,1012,4,ESE,6,0,0.0,Sunny
2026-10-04 07:15:42,31,33,48,1011,4,SSE,7,0,0.0,Sunny
2026-10-04 07:31:05,31,33,48,1011,4,SSE,7,0,0.0,Sunny
2026-10-04 07:45:46,31,33,48,1011,4,SSE,7,0,0.0,Sunny
2026-10-04 08:01:20,31,33,48,1011,4,SSE,7,0,0.0,Sunny
2026-10-04 08:15:46,31,33,48,1011,4,SSE,7,0,0.0,Sunny
2026-10-04 08:31:05,31,33,48,1011,4,SSE,7,0,0.0,Sunny
2026-10-04 08:45:46,32,33,45,1009,6,W,4,0,0.0,Sunny
2026-10-04 09:01:23,32,33,45,1009,6,W,4,0,0.0,Sunny
2026-10-04 09:15:48,32,33,45,1009,6,W,4,0,0.0,Sunny
2026-10-04 09:31:04,32,33,45,1009,6,W,4,0,0.0,Sunny
2026-10-04 09:45:46,32,33,45,1009,6,W,4,0,0.0,Sunny
2026-10-04 10:01:20,32,33,45,1009,6,W,4,0,0.0,Sunny
2026-10-04 10:15:43,32,33,45,1009,6,W,4,0,0.0,Sunny
2026-10-04 10:31:01,32,33,45,1009,6,WNW,2,0,0.0,Sunny
2026-10-04 10:45:47,32,33,45,1009,6,WNW,2,0,0.0,Sunny
2026-10-04 11:01:17,32,33,45,1009,6,WNW,2,0,0.0,Sunny
2026-10-04 11:15:46,32,33,45,1009,6,WNW,2,0,0.0,Sunny
2026-10-04 11:31:02,32,33,45,1009,6,WNW,2,0,0.0,Sunny
2026-10-04 11:45:43,32,33,45,1009,6,WNW,2,0,0.0,Sunny
2026-10-04 12:01:13,29,31,59,1009,4,NW,0,0,0.0,Sunny
2026-10-04 12:15:41,29,31,59,1009,4,NW,0,0,0.0,Sunny
2026-10-04 12:31:02,29,31,59,1009,4,NW,0,0,0.0,Sunny
2026-10-04 12:45:47,29,31,59,1009,4,NW,0,0,0.0,Sunny
2026-10-04 13:01:45,29,31,59,1009,4,NW,0,0,0.0,Sunny
2026-10-04 13:15:47,29,31,59,1009,4,NW,0,0,0.0,Sunny
2026-10-04 13:31:02,28,29,59,1009,4,NNE,0,0,0.0,Clear 
2026-10-04 13:45:42,28,29,59,1009,4,NNE,0,0,0.0,Clear 
2026-10-04 14:01:15,28,29,59,1009,4,NNE,0,0,0.0,Clear 
2026-10-04 14:15:45,28,29,59,1009,4,NNE,0,0,0.0,Clear 
2026-10-04 14:31:14,28,29,59,1009,4,NNE,0,0,0.0,Clear 
2026-10-04 14:45:46,28,29,59,1009,4,NNE,0,0,0.0,Clear 
2026-10-04 14:58:24,28,29,59,1009,4,NNE,0,0,0.0,Clear 
2026-10-04 15:01:19,26,27,67,1010,10,ENE,0,0,0.0,Smoky haze
2026-10-04 15:15:39,26,27,67,1010,10,ENE,0,0,0.0,Smoky haze
2026-10-04 15:30:58,26,27,67,1010,10,ENE,0,0,0.0,Smoky haze
2026-10-04 15:45:41,26,27,67,1010,10,ENE,0,0,0.0,Smoky haze
2026-10-04 16:01:28,26,27,67,1010,10,ENE,0,0,0.0,Smoky haze
2026-10-04 16:15:41,26,27,67,1010,10,ENE,0,0,0.0,Smoky haze
2026-10-04 16:31:00,26,27,67,1010,10,ENE,0,0,0.0,Smoky haze
2026-10-04 16:45:47,25,27,72,1010,8,ESE,0,0,0.0,Smoky haze
2026-10-04 17:01:16,25,27,72,1010,8,ESE,0,0,0.0,Smoky haze
2026-10-04 17:15:43,25,27,72,1010,8,ESE,0,0,0.0,Smoky haze
2026-10-04 17:31:00,25,27,72,1010,8,ESE,0,0,0.0,Smoky haze
2026-10-04 17:45:45,25,27,72,1010,8,ESE,0,0,0.0,Smoky haze
2026-10-04 18:01:15,25,27,72,1010,8,ESE,0,0,0.0,Smoky haze
2026-10-04 18:15:40,25,27,73,1010,8,ESE,0,0,0.0,Smoky haze
2026-10-04 18:31:04,25,27,73,1010,8,ESE,0,0,0.0,Smoky haze
2026-10-04 18:45:43,25,27,73,1010,8,ESE,0,0,0.0,Smoky haze
2026-10-04 18:47:12,25,27,73,1010,8,ESE,0,0,0.0,Smoky haze
2026-10-04 19:01:14,25,27,73,1010,8,ESE,0,0,0.0,Smoky haze
2026-10-04 19:15:42,25,27,73,1010,8,ESE,0,0,0.0,Smoky haze
2026-10-04 19:31:05,25,27,73,1010,8,ESE,0,0,0.0,Smoky haze
2026-10-04 19:45:45,24,26,74,1009,7,SE,0,0,0.0,Smoky haze
2026-10-04 20:01:15,24,26,74,1009,7,SE,0,0,0.0,Smoky haze
2026-10-04 20:15:44,24,26,74,1009,7,SE,0,0,0.0,Smoky haze
2026-10-04 20:30:59,24,26,74,1009,7,SE,0,0,0.0,Smoky haze
2026-10-04 20:45:41,24,26,74,1009,7,SE,0,0,0.0,Smoky haze
2026-10-04 21:01:17,24,26,74,1009,7,SE,0,0,0.0,Smoky haze
2026-10-04 21:15:45,24,26,74,1009,7,SE,0,0,0.0,Smoky haze
2026-10-04 21:30:59,24,26,77,1009,7,ESE,0,0,0.0,Smoky haze
2026-10-04 21:45:42,24,26,77,1009,7,ESE,0,0,0.0,Smoky haze
2026-10-04 22:01:20,24,26,77,1009,7,ESE,0,0,0.0,Smoky haze
2026-10-04 22:15:43,24,26,77,1009,7,ESE,0,0,0.0,Smoky haze
2026-10-04 22:30:57,24,26,77,1009,7,ESE,0,0,0.0,Smoky haze
2026-10-04 22:45:41,24,26,77,1009,7,ESE,0,0,0.0,Smoky haze
2026-10-04 23:01:13,23,25,79,1009,8,E,0,0,0.0,Smoky haze
2026-10-04 23:15:52,23,25,79,1009,8,E,0,0,0.0,Smoky haze
2026-10-04 23:31:04,23,25,79,1009,8,E,0,0,0.0,Smoky haze
2026-10-04 23:45:43,23,25,79,1009,8,E,0,0,0.0,Smoky haze
2026-10-05 00:01:17,23,25,79,1009,8,E,0,0,0.0,Smoky haze
2026-10-05 00:15:45,23,25,79,1009,8,E,0,0,0.0,Smoky haze
2026-10-05 00:31:03,23,25,79,1009,8,E,0,0,0.0,Smoky haze
2026-10-05 00:45:41,23,25,82,1010,8,E,0,0,0.0,Smoky haze
2026-10-05 01:01:15,23,25,82,1010,8,E,0,0,0.0,Smoky haze
2026-10-05 01:15:37,23,25,82,1010,8,E,0,0,0.0,Smoky haze
2026-10-05 01:31:02,23,25,82,1010,8,E,0,0,0.0,Smoky haze
2026-10-05 01:45:40,23,25,82,1010,8,E,0,0,0.0,Smoky haze
2026-10-05 02:01:16,23,25,82,1010,8,E,0,0,0.0,Smoky haze
2026-10-05 02:15:43,24,27,76,1011,6,E,0,0,0.0,Smoky haze
2026-10-05 02:31:06,24,27,76,1011,6,E,0,0,0.0,Smoky haze
2026-10-05 02:45:44,24,27,76,1011,6,E,0,0,0.0,Smoky haze
2026-10-05 03:01:19,24,27,76,1011,6,E,0,0,0.0,Smoky haze
2026-10-05 03:15:44,24,27,76,1011,6,E,0,0,0.0,Smoky haze
2026-10-05 03:31:06,24,27,76,1011,6,E,0,0,0.0,Smoky haze
2026-10-05 03:45:42,24,27,76,1011,6,E,0,0,0.0,Smoky haze
2026-10-05 04:01:18,28,30,63,1012,7,ESE,3,0,0.0,Sunny
2026-10-05 04:15:43,28,30,63,1012,7,ESE,3,0,0.0,Sunny
2026-10-05 04:31:04,28,30,63,1012,7,ESE,3,0,0.0,Sunny
2026-10-05 04:45:45,28,30,63,1012,7,ESE,3,0,0.0,Sunny
2026-10-05 05:02:09,28,30,63,1012,7,ESE,3,0,0.0,Sunny
2026-10-05 05:15:46,28,30,63,1012,7,ESE,3,0,0.0,Sunny
2026-10-05 05:31:10,28,30,63,1012,7,ESE,3,0,0.0,Sunny
2026-10-05 05:45:46,30,32,53,1011,6,SE,6,0,0.0,Sunny
2026-10-05 06:01:24,30,32,53,1011,6,SE,6,0,0.0,Sunny
2026-10-05 06:15:47,30,32,53,1011,6,SE,6,0,0.0,Sunny
2026-10-05 06:31:04,30,32,53,1011,6,SE,6,0,0.0,Sunny
2026-10-05 06:45:46,30,32,53,1011,6,SE,6,0,0.0,Sunny
2026-10-05 07:01:24,30,32,53,1011,6,SE,6,0,0.0,Sunny
2026-10-05 07:15:46,30,32,53,1011,6,SE,6,0,0.0,Sunny
2026-10-05 07:31:05,31,33,49,1010,4,SE,6,0,0.0,Sunny
2026-10-05 07:40:32,31,33,49,1010,4,SE,6,0,0.0,Sunny
2026-10-05 07:45:45,31,33,49,1010,4,SE,6,0,0.0,Sunny
2026-10-05 08:01:29,31,33,49,1010,4,SE,6,0,0.0,Sunny
2026-10-05 08:15:50,31,33,49,1010,4,SE,6,0,0.0,Sunny
2026-10-05 08:31:11,31,33,49,1010,4,SE,6,0,0.0,Sunny
2026-10-05 08:45:50,32,34,44,1008,6,W,4,0,0.0,Sunny
2026-10-05 09:01:25,32,34,44,1008,6,W,4,0,0.0,Sunny
2026-10-05 09:15:49,32,34,44,1008,6,W,4,0,0.0,Sunny
2026-10-05 09:31:11,32,34,44,1008,6,W,4,0,0.0,Sunny
2026-10-05 09:45:45,32,34,44,1008,6,W,4,0,0.0,Sunny
2026-10-05 10:01:22,32,34,44,1008,6,W,4,0,0.0,Sunny
2026-10-05 10:15:46,32,34,44,1008,6,W,4,0,0.0,Sunny
2026-10-05 10:31:09,32,34,44,1008,5,W,2,0,0.0,Sunny
2026-10-05 10:45:47,32,34,44,1008,5,W,2,0,0.0,Sunny
2026-10-05 11:01:24,32,34,44,1008,5,W,2,0,0.0,Sunny
2026-10-05 11:15:47,32,34,44,1008,5,W,2,0,0.0,Sunny
2026-10-05 11:31:07,32,34,44,1008,5,W,2,0,0.0,Sunny
2026-10-05 11:45:53,32,34,44,1008,5,W,2,0,0.0,Sunny
2026-10-05 12:01:30,30,31,56,1008,4,W,0,0,0.0,Smoky haze
2026-10-05 12:15:51,30,31,56,1008,4,W,0,0,0.0,Smoky haze
2026-10-05 12:31:11,30,31,56,1008,4,W,0,0,0.0,Smoky haze
2026-10-05 12:45:45,30,31,56,1008,4,W,0,0,0.0,Smoky haze
2026-10-05 13:01:23,30,31,56,1008,4,W,0,0,0.0,Smoky haze
2026-10-05 13:15:49,30,31,56,1008,4,W,0,0,0.0,Smoky haze
2026-10-05 13:31:06,28,29,56,1009,4,ENE,0,0,0.0,Smoky haze
2026-10-05 13:45:49,28,29,56,1009,4,ENE,0,0,0.0,Smoky haze
2026-10-05 14:01:19,28,29,56,1009,4,ENE,0,0,0.0,Smoky haze
2026-10-05 14:15:50,28,29,56,1009,4,ENE,0,0,0.0,Smoky haze
2026-10-05 14:31:07,28,29,56,1009,4,ENE,0,0,0.0,Smoky haze
2026-10-05 14:45:45,28,29,56,1009,4,ENE,0,0,0.0,Smoky haze
2026-10-05 15:01:23,26,27,67,1010,12,E,0,0,0.0,Smoky haze
2026-10-05 15:15:43,26,27,67,1010,12,E,0,0,0.0,Smoky haze
2026-10-05 15:31:06,26,27,67,1010,12,E,0,0,0.0,Smoky haze
2026-10-05 15:45:44,26,27,67,1010,12,E,0,0,0.0,Smoky haze
2026-10-05 16:01:26,26,27,67,1010,12,E,0,0,0.0,Smoky haze
2026-10-05 16:15:51,26,27,67,1010,12,E,0,0,0.0,Smoky haze
2026-10-05 16:22:28,26,27,67,1010,12,E,0,0,0.0,Smoky haze
2026-10-05 16:31:06,26,27,69,1010,12,E,0,0,0.0,Smoky haze
2026-10-05 16:45:51,26,27,69,1010,12,E,0,0,0.0,Smoky haze
2026-10-05 17:01:22,26,27,69,1010,12,E,0,0,0.0,Smoky haze
2026-10-05 17:15:49,26,27,69,1010,12,E,0,0,0.0,Smoky haze
2026-10-05 17:31:08,26,27,69,1010,12,E,0,0,0.0,Smoky haze
2026-10-05 17:45:44,26,27,69,1010,12,E,0,0,0.0,Smoky haze
2026-10-05 18:01:21,25,27,73,1010,9,ESE,0,0,0.0,Smoky haze
2026-10-05 18:15:47,25,27,73,1010,9,ESE,0,0,0.0,Smoky haze
2026-10-05 18:31:07,25,27,73,1010,9,ESE,0,0,0.0,Smoky haze
2026-10-05 18:45:51,25,27,73,1010,9,ESE,0,0,0.0,Smoky haze
2026-10-05 19:01:43,25,27,73,1010,9,ESE,0,0,0.0,Smoky haze
2026-10-05 19:16:03,25,27,73,1010,9,ESE,0,0,0.0,Smoky haze
2026-10-05 19:56:15,24,26,75,1010,8,ESE,0,0,0.0,Smoky haze
2026-10-05 20:11:31,24,26,75,1010,8,ESE,0,0,0.0,Smoky haze
2026-10-05 21:16:19,24,26,75,1010,8,ESE,0,0,0.0,Smoky haze
2026-10-05 21:36:08,23,25,78,1010,10,E,0,0,0.0,Smoky haze
2026-10-05 21:45:49,23,25,78,1010,10,E,0,0,0.0,Smoky haze
2026-10-05 22:01:28,23,25,78,1010,10,E,0,0,0.0,Smoky haze
2026-10-05 22:15:47,23,25,78,1010,10,E,0,0,0.0,Smoky haze
2026-10-05 22:31:07,23,25,78,1010,10,E,0,0,0.0,Smoky haze
2026-10-05 22:45:50,23,25,78,1010,10,E,0,0,0.0,Smoky haze
2026-10-05 22:54:31,23,25,78,1010,10,E,0,0,0.0,Smoky haze
2026-10-05 23:01:24,23,25,78,1010,10,E,0,0,0.0,Smoky haze
2026-10-05 23:15:46,23,25,80,1010,10,E,0,0,0.0,Smoky haze
2026-10-05 23:31:08,23,25,80,1010,10,E,0,0,0.0,Smoky haze
2026-10-05 23:45:46,23,25,80,1010,10,E,0,0,0.0,Smoky haze
2026-10-06 00:01:26,23,25,80,1010,10,E,0,0,0.0,Smoky haze
2026-10-06 00:15:48,23,25,80,1010,10,E,0,0,0.0,Smoky haze
2026-10-06 00:31:06,23,25,80,1010,10,E,0,0,0.0,Smoky haze
2026-10-06 00:45:52,23,25,84,1011,10,ESE,0,0,0.0,Smoky haze
2026-10-06 01:01:21,23,25,84,1011,10,ESE,0,0,0.0,Smoky haze
2026-10-06 01:15:47,23,25,84,1011,10,ESE,0,0,0.0,Smoky haze
2026-10-06 01:31:07,23,25,84,1011,10,ESE,0,0,0.0,Smoky haze
2026-10-06 01:45:46,23,25,84,1011,10,ESE,0,0,0.0,Smoky haze
2026-10-06 02:01:22,23,25,84,1011,10,ESE,0,0,0.0,Smoky haze
2026-10-06 02:15:49,23,25,84,1011,10,ESE,0,0,0.0,Smoky haze
2026-10-06 02:31:08,24,27,82,1013,9,ESE,0,0,0.0,Smoky haze
2026-10-06 02:45:47,24,27,82,1013,9,ESE,0,0,0.0,Smoky haze
2026-10-06 03:01:24,24,27,82,1013,9,ESE,0,0,0.0,Smoky haze
2026-10-06 03:15:50,24,27,82,1013,9,ESE,0,0,0.0,Smoky haze
2026-10-06 03:19:34,24,27,82,1013,9,ESE,0,0,0.0,Smoky haze
2026-10-06 03:31:07,24,27,82,1013,9,ESE,0,0,0.0,Smoky haze
2026-10-06 03:45:50,24,27,82,1013,9,ESE,0,0,0.0,Smoky haze
2026-10-06 04:01:29,28,30,70,1014,13,ESE,3,0,0.0,Sunny
2026-10-06 04:15:49,28,30,70,1014,13,ESE,3,0,0.0,Sunny
2026-10-06 04:31:07,28,30,70,1014,13,ESE,3,0,0.0,Sunny
2026-10-06 04:45:46,28,30,70,1014,13,ESE,3,0,0.0,Sunny
2026-10-06 05:01:27,28,30,70,1014,13,ESE,3,0,0.0,Sunny
2026-10-06 05:15:47,28,30,70,1014,13,ESE,3,0,0.0,Sunny
2026-10-06 05:31:11,28,30,70,1014,13,ESE,3,0,0.0,Sunny
2026-10-06 05:45:48,30,33,60,1013,10,SE,6,0,0.0,Sunny
2026-10-06 06:01:28,30,33,60,1013,10,SE,6,0,0.0,Sunny
2026-10-06 06:15:46,30,33,60,1013,10,SE,6,0,0.0,Sunny
2026-10-06 06:31:07,30,33,60,1013,10,SE,6,0,0.0,Sunny
2026-10-06 06:45:57,30,33,60,1013,10,SE,6,0,0.0,Sunny
2026-10-06 07:01:24,30,33,60,1013,10,SE,6,0,0.0,Sunny
2026-10-06 07:15:52,31,34,56,1012,10,ESE,6,0,0.0,Sunny
2026-10-06 07:31:08,31,34,56,1012,10,ESE,6,0,0.0,Sunny
2026-10-06 07:45:52,31,34,56,1012,10,ESE,6,0,0.0,Sunny
2026-10-06 08:01:33,31,34,56,1012,10,ESE,6,0,0.0,Sunny
2026-10-06 08:15:50,31,34,56,1012,10,ESE,6,0,0.0,Sunny
2026-10-06 08:31:14,31,34,56,1012,10,ESE,6,0,0.0,Sunny
2026-10-06 08:45:52,31,34,53,1011,7,SE,4,4,0.0,Sunny
2026-10-06 09:01:31,31,34,53,1011,7,SE,4,4,0.0,Sunny
2026-10-06 09:15:48,31,34,53,1011,7,SE,4,4,0.0,Sunny
2026-10-06 09:31:13,31,34,53,1011,7,SE,4,4,0.0,Sunny
2026-10-06 09:45:51,31,34,53,1011,7,SE,4,4,0.0,Sunny
2026-10-06 10:01:27,31,34,53,1011,7,SE,4,4,0.0,Sunny
2026-10-06 10:15:55,31,34,53,1011,5,ESE,2,12,0.0,Sunny
2026-10-06 10:31:13,31,34,53,1011,5,ESE,2,12,0.0,Sunny
2026-10-06 10:45:48,31,34,53,1011,5,ESE,2,12,0.0,Sunny
2026-10-06 10:46:12,31,34,53,1011,5,ESE,2,12,0.0,Sunny
2026-10-06 11:01:23,31,34,53,1011,5,ESE,2,12,0.0,Sunny
2026-10-06 11:15:46,31,34,53,1011,5,ESE,2,12,0.0,Sunny
2026-10-06 11:31:08,31,34,53,1011,5,ESE,2,12,0.0,Sunny
2026-10-06 11:45:49,31,34,53,1011,5,ESE,2,12,0.0,Sunny
2026-10-06 12:01:24,29,31,65,1011,6,E,0,0,0.0,Sunny
2026-10-06 12:15:51,29,31,65,1011,6,E,0,0,0.0,Sunny
2026-10-06 12:31:10,29,31,65,1011,6,E,0,0,0.0,Sunny
2026-10-06 12:45:46,29,31,65,1011,6,E,0,0,0.0,Sunny
2026-10-06 13:01:32,29,31,65,1011,6,E,0,0,0.0,Sunny
2026-10-06 13:15:48,29,31,65,1011,6,E,0,0,0.0,Sunny
2026-10-06 13:31:12,28,30,67,1012,9,ENE,0,0,0.0,Clear 
2026-10-06 13:45:49,28,30,67,1012,9,ENE,0,0,0.0,Clear 
2026-10-06 14:01:24,28,30,67,1012,9,ENE,0,0,0.0,Clear 
2026-10-06 14:15:49,28,30,67,1012,9,ENE,0,0,0.0,Clear 
2026-10-06 14:31:07,28,30,67,1012,9,ENE,0,0,0.0,Clear 
2026-10-06 14:45:49,28,30,67,1012,9,ENE,0,0,0.0,Clear 
2026-10-06 15:01:28,26,28,73,1013,11,E,0,0,0.0,Clear 
2026-10-06 15:15:50,26,28,73,1013,11,E,0,0,0.0,Clear 
2026-10-06 15:31:11,26,28,73,1013,11,E,0,0,0.0,Clear 
2026-10-06 15:45:54,26,28,73,1013,11,E,0,0,0.0,Clear 
2026-10-06 16:01:27,26,28,73,1013,11,E,0,0,0.0,Clear 
2026-10-06 16:15:48,26,28,73,1013,11,E,0,0,0.0,Clear 
2026-10-06 16:31:06,26,27,74,1014,11,E,0,0,0.0,Clear 
2026-10-06 16:45:49,26,27,74,1014,11,E,0,0,0.0,Clear 
2026-10-06 17:01:33,26,27,74,1014,11,E,0,0,0.0,Clear 
2026-10-06 17:15:48,26,27,74,1014,11,E,0,0,0.0,Clear 
2026-10-06 17:24:19,26,27,74,1014,11,E,0,0,0.0,Clear 
2026-10-06 17:31:09,26,27,74,1014,11,E,0,0,0.0,Clear 
2026-10-06 17:45:47,26,27,74,1014,11,E,0,0,0.0,Clear 
2026-10-06 18:01:23,25,27,78,1014,12,E,0,0,0.0,Clear 
2026-10-06 18:15:52,25,27,78,1014,12,E,0,0,0.0,Clear 
2026-10-06 18:31:09,25,27,78,1014,12,E,0,0,0.0,Clear 
2026-10-06 18:45:51,25,27,78,1014,12,E,0,0,0.0,Clear 
2026-10-06 19:01:24,25,27,78,1014,12,E,0,0,0.0,Clear 
2026-10-06 19:15:50,25,27,78,1014,12,E,0,0,0.0,Clear 
2026-10-06 19:31:07,25,27,78,1014,12,E,0,0,0.0,Clear 
2026-10-06 20:01:27,24,26,81,1014,9,E,0,0,0.0,Clear 
2026-10-06 20:15:49,24,26,81,1014,9,E,0,0,0.0,Clear 
2026-10-06 20:31:08,24,26,81,1014,9,E,0,0,0.0,Clear 
2026-10-06 20:45:48,24,26,81,1014,9,E,0,0,0.0,Clear 
2026-10-06 21:01:25,24,26,81,1014,9,E,0,0,0.0,Clear 
2026-10-06 21:15:47,24,26,81,1014,9,E,0,0,0.0,Clear 
2026-10-06 21:31:07,24,26,81,1014,9,E,0,0,0.0,Clear 
2026-10-06 21:45:50,23,26,83,1013,7,E,0,0,0.0,Clear 
2026-10-06 21:53:17,23,26,83,1013,7,E,0,0,0.0,Clear 
2026-10-06 22:01:24,23,26,83,1013,7,E,0,0,0.0,Clear 
2026-10-06 22:15:48,23,26,83,1013,7,E,0,0,0.0,Clear 
2026-10-06 22:31:05,23,26,83,1013,7,E,0,0,0.0,Clear 
2026-10-06 22:45:47,23,26,83,1013,7,E,0,0,0.0,Clear 
2026-10-06 23:01:20,23,26,83,1013,7,E,0,0,0.0,Clear 
2026-10-06 23:15:51,23,26,84,1014,8,E,0,0,0.0,Clear 
2026-10-06 23:31:06,23,26,84,1014,8,E,0,0,0.0,Clear 
2026-10-06 23:45:48,23,26,84,1014,8,E,0,0,0.0,Clear 
2026-10-07 00:01:23,23,26,84,1014,8,E,0,0,0.0,Clear 
2026-10-07 00:15:46,23,26,84,1014,8,E,0,0,0.0,Clear 
2026-10-07 00:31:11,23,26,84,1014,8,E,0,0,0.0,Clear 
2026-10-07 00:45:48,23,26,84,1014,8,E,0,0,0.0,Clear 
2026-10-07 01:01:20,23,26,86,1015,9,E,0,0,0.0,Sunny
2026-10-07 01:15:47,23,26,86,1015,9,E,0,0,0.0,Sunny
2026-10-07 01:31:03,23,26,86,1015,9,E,0,0,0.0,Sunny
2026-10-07 01:45:44,23,26,86,1015,9,E,0,0,0.0,Sunny
2026-10-07 01:48:00,23,26,86,1015,9,E,0,0,0.0,Sunny
2026-10-07 02:01:22,23,26,86,1015,9,E,0,0,0.0,Sunny
2026-10-07 02:15:46,23,26,86,1015,9,E,0,0,0.0,Sunny
2026-10-07 02:31:09,23,26,86,1015,9,E,0,0,0.0,Sunny
2026-10-07 02:45:47,26,28,76,1017,10,E,1,0,0.0,Smoky haze
2026-10-07 03:01:19,26,28,76,1017,10,E,1,0,0.0,Smoky haze
2026-10-07 03:16:21,26,28,76,1017,10,E,1,0,0.0,Smoky haze
2026-10-07 03:31:07,26,28,76,1017,10,E,1,0,0.0,Smoky haze
2026-10-07 03:45:47,26,28,76,1017,10,E,1,0,0.0,Smoky haze
2026-10-07 04:01:23,26,28,76,1017,10,E,1,0,0.0,Smoky haze
2026-10-07 04:15:48,27,30,70,1017,10,ESE,3,0,0.0,Sunny
2026-10-07 04:31:13,27,30,70,1017,10,ESE,3,0,0.0,Sunny
2026-10-07 04:45:47,27,30,70,1017,10,ESE,3,0,0.0,Sunny
2026-10-07 05:01:25,27,30,70,1017,10,ESE,3,0,0.0,Sunny
2026-10-07 05:15:55,27,30,70,1017,10,ESE,3,0,0.0,Sunny
2026-10-07 05:31:07,27,30,70,1017,10,ESE,3,0,0.0,Sunny
2026-10-07 05:45:48,27,30,70,1017,10,ESE,3,0,0.0,Sunny
2026-10-07 06:01:29,29,32,61,1016,6,SE,6,89,1.9,Moderate or heavy rain shower
2026-10-07 06:15:46,29,32,61,1016,6,SE,6,89,1.9,Moderate or heavy rain shower
2026-10-07 06:31:11,29,32,61,1016,6,SE,6,89,1.9,Moderate or heavy rain shower
2026-10-07 06:45:51,29,32,61,1016,6,SE,6,89,1.9,Moderate or heavy rain shower
2026-10-07 07:01:32,29,32,61,1016,6,SE,6,89,1.9,Moderate or heavy rain shower
2026-10-07 07:15:52,29,32,61,1016,6,SE,6,89,1.9,Moderate or heavy rain shower
2026-10-07 07:31:09,30,33,56,1015,4,E,6,1,0.0,Sunny
2026-10-07 07:45:51,30,33,56,1015,4,E,6,1,0.0,Sunny
2026-10-07 08:01:31,30,33,56,1015,4,E,6,1,0.0,Sunny
2026-10-07 08:15:50,30,33,56,1015,4,E,6,1,0.0,Sunny
2026-10-07 08:31:10,30,33,56,1015,4,E,6,1,0.0,Sunny
2026-10-07 08:45:53,30,33,56,1015,4,E,6,1,0.0,Sunny
2026-10-07 09:01:28,31,33,51,1013,4,N,4,2,0.0,Sunny
2026-10-07 09:14:04,31,33,51,1013,4,N,4,2,0.0,Sunny
2026-10-07 09:15:48,31,33,51,1013,4,N,4,2,0.0,Sunny
2026-10-07 09:31:16,31,33,51,1013,4,N,4,2,0.0,Sunny
2026-10-07 09:45:46,31,33,51,1013,4,N,4,2,0.0,Sunny
2026-10-07 10:01:28,31,33,51,1013,4,N,4,2,0.0,Sunny
